Title,Company,Location,Source,Tag,Experience,Link
"Coding Bootcamp﹣Job Guaranteed","Metana","🌏 Worldwide","RemoteOK","MERN","","https://remoteok.comhttps://remoteok.com/remote-jobs/remote-coding-bootcamp-job-guaranteed-metana-1129072"
"The SafetyWing Digital Nomad Residency","SafetyWing","🌏 Worldwide","RemoteOK","MERN","","https://remoteok.comhttps://remoteok.com/remote-jobs/remote-the-safetywing-digital-nomad-residency-safetywing-1129278"
"Senior Research Engineer OLMo","The Allen Institute for Artificial Intelligence","Seattle, WA","RemoteOK","MERN","","https://remoteok.comhttps://remoteok.com/remote-jobs/remote-senior-research-engineer-olmo-the-allen-institute-for-artificial-intelligence-1129294"
"Head of Studio Standards and Business","Samsung Research America","Irvine","RemoteOK","MERN","","https://remoteok.comhttps://remoteok.com/remote-jobs/remote-head-of-studio-standards-and-business-samsung-research-america-1129293"
"Staff User Researcher","Nourish","New York","RemoteOK","MERN","","https://remoteok.comhttps://remoteok.com/remote-jobs/remote-staff-user-researcher-nourish-1129292"
"SaaS Growth Marketer","Land Insights","🌏 Worldwide","RemoteOK","MERN","","https://remoteok.comhttps://remoteok.com/remote-jobs/remote-saas-growth-marketer-land-insights-1129007"
"TypeScript Developer","Stoke Studio","🇺🇸 United States","RemoteOK","MERN","","https://remoteok.comhttps://remoteok.com/remote-jobs/remote-typescript-developer-stoke-studio-1129195"
"Operations Recruiter","Field AI","Irvine, CA","RemoteOK","MERN","","https://remoteok.comhttps://remoteok.com/remote-jobs/remote-operations-recruiter-field-ai-1129291"
"Full Stack Software Engineer III Angular Java","MeridianLink","🌏 Probably worldwide","RemoteOK","MERN","","https://remoteok.comhttps://remoteok.com/remote-jobs/remote-full-stack-software-engineer-iii-angular-java-meridianlink-1129290"
"Junior Crypto Analyst & Trader","WhiteBridge-Ltd","🌏 Worldwide","RemoteOK","MERN","","https://remoteok.comhttps://remoteok.com/remote-jobs/remote-junior-crypto-analyst-trader-whitebridge-ltd-1129190"
"JumpCloud","JumpCloud","🌏 Probably worldwide","RemoteOK","MERN","","https://remoteok.comhttps://remoteok.com/remote-jobs/remote-jumpcloud-jumpcloud-1129289"
"Marketing Strategist","OneLocal","💰 Upgrade to Premium to see salary","RemoteOK","MERN","","https://remoteok.comhttps://remoteok.com/remote-jobs/remote-marketing-strategist-onelocal-1129288"
"Software Engineer","Field Nation","Dhaka","RemoteOK","MERN","","https://remoteok.comhttps://remoteok.com/remote-jobs/remote-software-engineer-field-nation-1129287"
"Platform Security Engineer","Braze","Bucharest","RemoteOK","MERN","","https://remoteok.comhttps://remoteok.com/remote-jobs/remote-platform-security-engineer-braze-1129285"
"Lead Medical Writer Medical Communications","Avalere Health","🌏 Probably worldwide","RemoteOK","MERN","","https://remoteok.comhttps://remoteok.com/remote-jobs/remote-lead-medical-writer-medical-communications-avalere-health-1129286"
"Senior Product Marketing Manager Cloud Security","Tenable, Inc.","Columbia","RemoteOK","MERN","","https://remoteok.comhttps://remoteok.com/remote-jobs/remote-senior-product-marketing-manager-cloud-security-tenable-inc-1129284"
"Language instructor","AE Virtual Class S.A","🌏 Worldwide","RemoteOK","MERN","","https://remoteok.comhttps://remoteok.com/remote-jobs/remote-language-instructor-ae-virtual-class-s-a-1129176"
"Software Engineer Integrations","Deposco","Alpharetta","RemoteOK","MERN","","https://remoteok.comhttps://remoteok.com/remote-jobs/remote-software-engineer-integrations-deposco-1129282"
"SDET II SDET III","Netomi","Remote - India","RemoteOK","MERN","","https://remoteok.comhttps://remoteok.com/remote-jobs/remote-sdet-ii-sdet-iii-netomi-1129275"
"Director IT & Security","HighlightTA","Toronto","RemoteOK","MERN","","https://remoteok.comhttps://remoteok.com/remote-jobs/remote-director-it-security-highlightta-1129274"
"Product Owner Payments","Flex","Remote / USA","RemoteOK","MERN","","https://remoteok.comhttps://remoteok.com/remote-jobs/remote-product-owner-payments-flex-1129273"
"Community Manager","Manta Network, Powered by p0x labs","any","RemoteOK","MERN","","https://remoteok.comhttps://remoteok.com/remote-jobs/remote-community-manager-manta-network-powered-by-p0x-labs-1129272"
"Manager Security Product Research","Corelight","North America","RemoteOK","MERN","","https://remoteok.comhttps://remoteok.com/remote-jobs/remote-manager-security-product-research-corelight-1129271"
"Software Engineer III","MeridianLink","🌏 Probably worldwide","RemoteOK","MERN","","https://remoteok.comhttps://remoteok.com/remote-jobs/remote-software-engineer-iii-meridianlink-1129270"
"Graphic Designer","Waterfall","💰 Upgrade to Premium to see salary","RemoteOK","MERN","","https://remoteok.comhttps://remoteok.com/remote-jobs/remote-graphic-designer-waterfall-1129269"
"Technical Customer Growth Manager","Immutable","South Korea","RemoteOK","MERN","","https://remoteok.comhttps://remoteok.com/remote-jobs/remote-technical-customer-growth-manager-immutable-1129268"
"Senior Software Engineer Trading Technology","BitMEX","Remote - EMEA","RemoteOK","MERN","","https://remoteok.comhttps://remoteok.com/remote-jobs/remote-senior-software-engineer-trading-technology-bitmex-1129267"
"Software Engineer I Dev Tooling","Sumo Logic","Noida","RemoteOK","MERN","","https://remoteok.comhttps://remoteok.com/remote-jobs/remote-software-engineer-i-dev-tooling-sumo-logic-1129266"
"Distributed Systems Engineer","LiveKit","🌏 Probably worldwide","RemoteOK","MERN","","https://remoteok.comhttps://remoteok.com/remote-jobs/remote-distributed-systems-engineer-livekit-1129265"
"Sales Enablement and Training Manager","Socure","Carson City","RemoteOK","MERN","","https://remoteok.comhttps://remoteok.com/remote-jobs/remote-sales-enablement-and-training-manager-socure-1129264"
"Analytics Engineer","Socure","Carson City","RemoteOK","MERN","","https://remoteok.comhttps://remoteok.com/remote-jobs/remote-analytics-engineer-socure-1129263"
"Security Compliance Specialist","LiveKit","🌏 Probably worldwide","RemoteOK","MERN","","https://remoteok.comhttps://remoteok.com/remote-jobs/remote-security-compliance-specialist-livekit-1129262"
"Overnight Customer Support Engineer","Rebuy, Inc.","🌏 Probably worldwide","RemoteOK","MERN","","https://remoteok.comhttps://remoteok.com/remote-jobs/remote-overnight-customer-support-engineer-rebuy-inc-1129261"
"AP Principal US Market Access based role","Avalere Health","🌏 Probably worldwide","RemoteOK","MERN","","https://remoteok.comhttps://remoteok.com/remote-jobs/remote-ap-principal-us-market-access-based-role-avalere-health-1129260"
"Member of Technical Staff Atlas","Anchorage Digital","United States","RemoteOK","MERN","","https://remoteok.comhttps://remoteok.com/remote-jobs/remote-member-of-technical-staff-atlas-anchorage-digital-1129259"
"Senior Security Engineer","Loft Orbital Solutions","Golden, CO or San Francisco","RemoteOK","MERN","","https://remoteok.comhttps://remoteok.com/remote-jobs/remote-senior-security-engineer-loft-orbital-solutions-1129258"
"Caregiver Elderly Support","RYZ Labs","Los Angeles","RemoteOK","MERN","","https://remoteok.comhttps://remoteok.com/remote-jobs/remote-caregiver-elderly-support-ryz-labs-1129257"
"Physical Therapist","RYZ Labs","Arizona","RemoteOK","MERN","","https://remoteok.comhttps://remoteok.com/remote-jobs/remote-physical-therapist-ryz-labs-1129256"
"Polly","Polly","💰 Upgrade to Premium to see salary","RemoteOK","MERN","","https://remoteok.comhttps://remoteok.com/remote-jobs/remote-polly-polly-1129255"
"Khmer US based Medical Translators needed","LILT (Production)","San Francisco","RemoteOK","MERN","","https://remoteok.comhttps://remoteok.com/remote-jobs/remote-khmer-us-based-medical-translators-needed-lilt-production-1129254"
"Behavior Technician","RYZ Labs","Orlando","RemoteOK","MERN","","https://remoteok.comhttps://remoteok.com/remote-jobs/remote-behavior-technician-ryz-labs-1129253"
"Lead Digital Media Planner Buyer","Bluelight Consulting","Granada","RemoteOK","MERN","","https://remoteok.comhttps://remoteok.com/remote-jobs/remote-lead-digital-media-planner-buyer-bluelight-consulting-1129252"
"Outlast","Outlast","💰 Upgrade to Premium to see salary","RemoteOK","MERN","","https://remoteok.comhttps://remoteok.com/remote-jobs/remote-outlast-outlast-1129251"
"Senior Security Operations Analyst","The Voleon Group","Berkeley","RemoteOK","MERN","","https://remoteok.comhttps://remoteok.com/remote-jobs/remote-senior-security-operations-analyst-the-voleon-group-1129250"
"Commercial Account Representative","Illumio","💰 Upgrade to Premium to see salary","RemoteOK","MERN","","https://remoteok.comhttps://remoteok.com/remote-jobs/remote-commercial-account-representative-illumio-1129249"
"Solution Engineer Inside Sales Support","Illumio","💰 Upgrade to Premium to see salary","RemoteOK","MERN","","https://remoteok.comhttps://remoteok.com/remote-jobs/remote-solution-engineer-inside-sales-support-illumio-1129248"
"Times Changed We Changed with Them...Maybe You Should Too","Global Elite Texas","Oregon City, Oregon","RemoteOK","MERN","","https://remoteok.comhttps://remoteok.com/remote-jobs/remote-times-changed-we-changed-with-them-maybe-you-should-too-global-elite-texas-1129247"
"Business Intelligence Analyst","RainFocus","Lehi","RemoteOK","MERN","","https://remoteok.comhttps://remoteok.com/remote-jobs/remote-business-intelligence-analyst-rainfocus-1129246"
"Senior Software Engineer","Woolf","Pune, Maharashtra, India","LinkedIn","MERN","2-4 years","https://in.linkedin.com/jobs/view/senior-software-engineer-at-woolf-4331120897?position=1&pageNum=0&refId=bLKgW7cBMtdiyLxj7QrvQg%3D%3D&trackingId=JhShpkGb6ny7YNAKlsJrzA%3D%3D"
"Python Developer","Awign","Pune, Maharashtra, India","LinkedIn","MERN","2-4 years","https://in.linkedin.com/jobs/view/python-developer-at-awign-4343833317?position=2&pageNum=0&refId=bLKgW7cBMtdiyLxj7QrvQg%3D%3D&trackingId=TyM9Zxr6kgkLqvHUEomD5Q%3D%3D"
"Python Developer – 100% Remote","VGreen Technology Solutions (VGreenTEK)","Pune, Maharashtra, India","LinkedIn","MERN","2-4 years","https://in.linkedin.com/jobs/view/python-developer-%E2%80%93-100%25-remote-at-vgreen-technology-solutions-vgreentek-4340749403?position=3&pageNum=0&refId=bLKgW7cBMtdiyLxj7QrvQg%3D%3D&trackingId=N1a1sg0wCeILMOy19VhYOA%3D%3D"
"****-***** ***********","******* ******","****, ***********, *****","LinkedIn","MERN","2-4 years","https://in.linkedin.com/jobs/view/full-stack-development-at-netsach-global-4262313923?position=4&pageNum=0&refId=bLKgW7cBMtdiyLxj7QrvQg%3D%3D&trackingId=8eyeCoz4tQu59DcvESyqWQ%3D%3D"
"******** ********* ** **** (****)","****","****, ***********, *****","LinkedIn","MERN","2-4 years","https://in.linkedin.com/jobs/view/software-developer-in-test-sdet-at-akko-4315324795?position=5&pageNum=0&refId=bLKgW7cBMtdiyLxj7QrvQg%3D%3D&trackingId=WvqXA%2BepfKAyzFKLVPNCnA%3D%3D"
"******* *********","********** *********","****, ***********, *****","LinkedIn","MERN","2-4 years","https://in.linkedin.com/jobs/view/laravel-developer-at-jellylogic-solutions-4306117455?position=6&pageNum=0&refId=bLKgW7cBMtdiyLxj7QrvQg%3D%3D&trackingId=oZyTZ7gpPmRTuIwdofaPJw%3D%3D"
"********* ******* ******** ******** (******)","********","****, ***********, *****","LinkedIn","MERN","2-4 years","https://in.linkedin.com/jobs/view/freelance-machine-learning-engineer-python-at-mindrift-4344634808?position=7&pageNum=0&refId=bLKgW7cBMtdiyLxj7QrvQg%3D%3D&trackingId=MpBRO46rAkNeozVMP4iv7A%3D%3D"
"Software Engineer","N/A","Remote","Indeed","MERN","2-4 years","https://www.indeed.com/rc/clk?jk=7fbe1bce463f8481&bb=L24EM9QYCTDdEW4G2e5sT4sFLqmgSd4ZwC85W7vhoa0JIZKNKHOUEUHiPW-yWQlrx_Mi-2t_m-KJ8C3rn0Gy3uouavCmnTlnd0JfVBVqrfCcs73q2wkYRZdlKcjHKDGMLwstulATXdFD5Wp5qro85Xx_kmLIv-Y6SXF3_v6HG-guBOxShO_JNQ2o-izC81QVWLKOrLegAU_42xp3qtElciTm9Kztq_wkpX0poBwu9iI%3D&xkcb=SoB367M3pdNshZRWFZ0LbzkdCdPP&fccid=74abd1ef04b48ae9&vjs=3"
"Senior Software Engineer, Payments","N/A","Remote","Indeed","MERN","2-4 years","https://www.indeed.com/rc/clk?jk=ea8769f2ae32a775&bb=L24EM9QYCTDdEW4G2e5sT0Hn65fRmb1wKg66VxC33KQzDBWhfgPqFOjxhDHAdV4EOHYvhpezmVUALFxrPEjHaCxTN-Z9hNmLigj9tq6-xwl7MGypVmxeOKAA4gZQPeZU83ZLGHyzudw9qbYvT48eSUzs2oOr3kx8zIj0GlUxlvY5J_X5AmMtESBBFEBLUSVh1PgqHdXXia-UR5Tn5wBr0oauAczBDdkfG-FlMnlMYL6d-RSnCSUj8Q%3D%3D&xkcb=SoDD67M3pdNshZRWFZ0KbzkdCdPP&fccid=fd81e6e5b3b5441b&vjs=3"
"Full-Stack Development","NETSACH GLOBAL","Pune, Maharashtra, India","LinkedIn","Node.js","2-4 years","https://in.linkedin.com/jobs/view/full-stack-development-at-netsach-global-4262313923?position=2&pageNum=0&refId=mDuMFAKFQOUXm8qL7ZSbVw%3D%3D&trackingId=S0kIj3fKi8y7OeQaA4b%2F8Q%3D%3D"
"Laravel Developer","JellyLogic Solutions","Pune, Maharashtra, India","LinkedIn","Node.js","2-4 years","https://in.linkedin.com/jobs/view/laravel-developer-at-jellylogic-solutions-4306117455?position=3&pageNum=0&refId=mDuMFAKFQOUXm8qL7ZSbVw%3D%3D&trackingId=QYEOEyyeBt9Wwny0kIDPRw%3D%3D"
"****** *********","*****","****, ***********, *****","LinkedIn","Node.js","2-4 years","https://in.linkedin.com/jobs/view/python-developer-at-awign-4343833317?position=4&pageNum=0&refId=mDuMFAKFQOUXm8qL7ZSbVw%3D%3D&trackingId=C%2BZdef1keOa2wtebxHB7rg%3D%3D"
"****** ****-***** *********","******","****, ***********, *****","LinkedIn","Node.js","2-4 years","https://in.linkedin.com/jobs/view/remote-full-stack-developer-at-turing-4344366685?position=5&pageNum=0&refId=mDuMFAKFQOUXm8qL7ZSbVw%3D%3D&trackingId=dFbqaueljkCUa%2FQ2etAYLg%3D%3D"
"**** ******* *********","**********","****, ***********, *****","LinkedIn","Node.js","2-4 years","https://in.linkedin.com/jobs/view/java-backend-developer-at-particle41-4333750054?position=6&pageNum=0&refId=mDuMFAKFQOUXm8qL7ZSbVw%3D%3D&trackingId=%2Bqh2JWNl%2FoHUY%2FozNLYzKg%3D%3D"
"****** ********* – ***% ******","****** ********** ********* (*********)","****, ***********, *****","LinkedIn","Node.js","2-4 years","https://in.linkedin.com/jobs/view/python-developer-%E2%80%93-100%25-remote-at-vgreen-technology-solutions-vgreentek-4340749403?position=7&pageNum=0&refId=mDuMFAKFQOUXm8qL7ZSbVw%3D%3D&trackingId=axWm67Ee1inPfAj1El54pg%3D%3D"
"Software Developer in Test (SDET)","AKKO","Pune, Maharashtra, India","LinkedIn","Fullstack MERN","2-4 years","https://in.linkedin.com/jobs/view/software-developer-in-test-sdet-at-akko-4315324795?position=3&pageNum=0&refId=ctykCIHYskdpxYWtpXO%2FNg%3D%3D&trackingId=nTMQI1omUhomBaJXULm3nw%3D%3D"
"****** ******** ********","*****","****, ***********, *****","LinkedIn","Fullstack MERN","2-4 years","https://in.linkedin.com/jobs/view/senior-software-engineer-at-woolf-4331120897?position=4&pageNum=0&refId=ctykCIHYskdpxYWtpXO%2FNg%3D%3D&trackingId=reB3NoPx1d9VP12wtwztLA%3D%3D"
"**/** ******** - ***% ******","****** ********** ********* (*********)","****, ***********, *****","LinkedIn","Fullstack MERN","2-4 years","https://in.linkedin.com/jobs/view/ai-ml-engineer-100%25-remote-at-vgreen-technology-solutions-vgreentek-4341731213?position=7&pageNum=0&refId=ctykCIHYskdpxYWtpXO%2FNg%3D%3D&trackingId=Gh5sk2QBkWswkd3rB7lL8g%3D%3D"
"AI/ML Intern","CertifyOS","Pune, Maharashtra, India","LinkedIn","DevOps","2-4 years","https://in.linkedin.com/jobs/view/ai-ml-intern-at-certifyos-4344153028?position=1&pageNum=0&refId=Jrxvyz52%2FGzVEgQP74RnsQ%3D%3D&trackingId=UazXcrgom0VsHslJfJPkNA%3D%3D"
"AI/ML Engineer - 100% Remote","VGreen Technology Solutions (VGreenTEK)","Pune, Maharashtra, India","LinkedIn","DevOps","2-4 years","https://in.linkedin.com/jobs/view/ai-ml-engineer-100%25-remote-at-vgreen-technology-solutions-vgreentek-4341731213?position=2&pageNum=0&refId=Jrxvyz52%2FGzVEgQP74RnsQ%3D%3D&trackingId=PjBaKf3UocETLxYUfa3dWw%3D%3D"
"Freelance Machine Learning Engineer (Python)","Mindrift","Pune, Maharashtra, India","LinkedIn","DevOps","2-4 years","https://in.linkedin.com/jobs/view/freelance-machine-learning-engineer-python-at-mindrift-4344634808?position=3&pageNum=0&refId=Jrxvyz52%2FGzVEgQP74RnsQ%3D%3D&trackingId=N%2FE%2FPbHLGdczanS1eqHnVw%3D%3D"
"********* ******** ********* (****) - ** *******","********","****, ***********, *****","LinkedIn","DevOps","2-4 years","https://in.linkedin.com/jobs/view/freelance-software-developer-ruby-ai-trainer-at-mindrift-4343704545?position=4&pageNum=0&refId=Jrxvyz52%2FGzVEgQP74RnsQ%3D%3D&trackingId=zfI32YDhkIKngU3fynfX4A%3D%3D"
"Junior Front-End Developer (Remote)","PulseMediaNL","Riyadh, Riyadh, Saudi Arabia","LinkedIn","MERN","2-4 years","https://sa.linkedin.com/jobs/view/junior-front-end-developer-remote-at-pulsemedianl-4345008149?position=1&pageNum=0&refId=GEN33%2B0Huxjxz8QXVw3e0Q%3D%3D&trackingId=7%2F%2F2wV4N4EIIWwz3lbO88w%3D%3D"
"Junior Front-End Developer","PulseMediaNL","Dammam, Eastern, Saudi Arabia","LinkedIn","MERN","2-4 years","https://sa.linkedin.com/jobs/view/junior-front-end-developer-at-pulsemedianl-4345017886?position=2&pageNum=0&refId=GEN33%2B0Huxjxz8QXVw3e0Q%3D%3D&trackingId=TUNLFOKohu9inELrvpPZmQ%3D%3D"
"Senior Frontend Developer","Swiggy","India","LinkedIn","MERN","2-4 years","https://in.linkedin.com/jobs/view/senior-frontend-developer-at-swiggy-4345500385?position=3&pageNum=0&refId=GEN33%2B0Huxjxz8QXVw3e0Q%3D%3D&trackingId=0fVN9gjcQ1f2qHa6Rd0%2BTw%3D%3D"
"****** *****-*** ********* (******)","************","****** ******","LinkedIn","MERN","2-4 years","https://sa.linkedin.com/jobs/view/junior-front-end-developer-remote-at-pulsemedianl-4344584811?position=4&pageNum=0&refId=GEN33%2B0Huxjxz8QXVw3e0Q%3D%3D&trackingId=rrftQ9%2FfDkUs0P6lUHhHbQ%3D%3D"
"****** *****-*** *********","************","******, *******, ***** ******","LinkedIn","Node.js","2-4 years","https://sa.linkedin.com/jobs/view/junior-front-end-developer-at-pulsemedianl-4345017886?position=5&pageNum=0&refId=Rh%2FcNYDq12Liz1WLa2Sw%2FQ%3D%3D&trackingId=BE9Y2vEihSgzbPlpu73ELA%3D%3D"
"****** ******** *********","******","*****","LinkedIn","Fullstack MERN","2-4 years","https://in.linkedin.com/jobs/view/senior-frontend-developer-at-swiggy-4345500385?position=4&pageNum=0&refId=yTQwZ9buZbsYjQEPHCV2Gw%3D%3D&trackingId=OYaWAq2Crg2ZAQGqNeC4tA%3D%3D"
"Junior DevOps Engineer","DXC Technology","United Kingdom","LinkedIn","DevOps","2-4 years","https://uk.linkedin.com/jobs/view/junior-devops-engineer-at-dxc-technology-4328119660?position=1&pageNum=0&refId=ov%2BQPHFZ1atgGWJ1HYTyNw%3D%3D&trackingId=%2F5uK0QD3mWspuQyEz2SVvQ%3D%3D"
"DevOps Engineer - Remote","Lensa","Reston, VA","LinkedIn","DevOps","2-4 years","https://www.linkedin.com/jobs/view/devops-engineer-remote-at-lensa-4344839483?position=2&pageNum=0&refId=ov%2BQPHFZ1atgGWJ1HYTyNw%3D%3D&trackingId=k4Mb3FY1o1VN8%2BhyRo8%2B6A%3D%3D"
"DevOps Engineer","Santcore Technologies","Washington DC-Baltimore Area","LinkedIn","DevOps","2-4 years","https://www.linkedin.com/jobs/view/devops-engineer-at-santcore-technologies-4327697752?position=3&pageNum=0&refId=ov%2BQPHFZ1atgGWJ1HYTyNw%3D%3D&trackingId=fvyank%2FmimQxz2%2Fo3Xjeiw%3D%3D"
"****** ******** ******","******** ** ********","*****","LinkedIn","DevOps","2-4 years","https://in.linkedin.com/jobs/view/devops-engineer-intern-at-nanobyte-it-services-4350183925?position=4&pageNum=0&refId=ov%2BQPHFZ1atgGWJ1HYTyNw%3D%3D&trackingId=Xs9H4KW33Pa6Zy%2Fuh4HqsA%3D%3D"
"****** ********","**************","***********, ****** ******","LinkedIn","DevOps","2-4 years","https://www.linkedin.com/jobs/view/devops-engineer-at-dataannotation-4304454212?position=5&pageNum=0&refId=ov%2BQPHFZ1atgGWJ1HYTyNw%3D%3D&trackingId=sG3u2MicNNUF21dTQQmhig%3D%3D"
"****** ********","****** ** *******","******","LinkedIn","DevOps","2-4 years","https://pl.linkedin.com/jobs/view/devops-engineer-at-thrive-it-systems-4343843047?position=7&pageNum=0&refId=ov%2BQPHFZ1atgGWJ1HYTyNw%3D%3D&trackingId=i487tFxdnWwzwEYmXwo0Pg%3D%3D"
"100 Mern Stack Developer Job Vacancies in Remote","N/A","Remote India","Serper API","MERN","2-4 years","https://in.indeed.com/q-mern-stack-developer-l-remote-jobs.html"
"13 Mern Stack Developer Remote jobs in India (1 new)","N/A","Remote India","Serper API","MERN","2-4 years","https://in.linkedin.com/jobs/mern-stack-developer-remote-jobs"
"Remote MERN Stack Developer Jobs in 2026","N/A","Remote India","Serper API","MERN","2-4 years","https://wellfound.com/role/r/mern-stack-developer"
"683 Mern stack developer jobs in India - Glassdoor","N/A","Remote India","Serper API","MERN","2-4 years","https://www.glassdoor.co.in/Job/mern-stack-developer-jobs-SRCH_KO0,20.htm"
"Remote MERN Stack Developer Jobs at Peacock India","Peacock India","Remote India","Serper API","MERN","2-4 years","https://www.peacockindia.in/careers/MERN-Stack-Developer"
"Mern Stack Developer Jobs","N/A","Remote India","Serper API","MERN","2-4 years","https://www.naukri.com/mern-stack-developer-jobs"
"Remote MERN Stack Jobs (December 2025) - Arc.dev","N/A","Remote India","Serper API","MERN","2-4 years","https://arc.dev/remote-jobs/mern-stack"
"25 Mern Stack Job Vacancies in Remote","N/A","Remote India","Serper API","MERN","2-4 years","https://in.indeed.com/q-mern-stack-l-remote-jobs.html"
"Remote Full-stack MEAN/MERN Developer Jobs","Turing","Remote India","Serper API","MERN","2-4 years","https://www.turing.com/jobs/remote-full-stack-mean-mern-developer"
"20 Best mern stack jobs in remote (Hiring Now!)","N/A","Remote India","Serper API","MERN","2-4 years","https://www.simplyhired.co.in/search?q=mern+stack&l=remote"
"MERN Stack Developer","N/A","Remote","Naukri.com","MERN","2-4 years","https://www.naukri.com/job-listings-mern-stack-developer-vinnovate-technologies-remote-0-to-1-years-190525506139"
"Mern Stack Developer","N/A","Navi Mumbai, Pune, Mumbai (All Areas)","Naukri.com","MERN","2-4 years","https://www.naukri.com/job-listings-mern-stack-developer-neosoft-navi-mumbai-pune-mumbai-all-areas-6-to-11-years-151225023118"
"MERN STACK DEVELOPER","N/A","Atpadi, Vellore","Naukri.com","MERN","2-4 years","https://www.naukri.com/job-listings-mern-stack-developer-brain-insight-atpadi-vellore-3-to-6-years-260825503756"
"Mern Stack Developer-R","N/A","Hybrid - Hyderabad, Chennai, Bengaluru","Naukri.com","MERN","2-4 years","https://www.naukri.com/job-listings-mern-stack-developer-r-infosys-hyderabad-chennai-bengaluru-10-to-19-years-251125029764"
"Mern Stack Developer-Infosys","N/A","Hybrid - Hyderabad, Chennai, Bengaluru","Naukri.com","MERN","2-4 years","https://www.naukri.com/job-listings-mern-stack-developer-infosys-infosys-hyderabad-chennai-bengaluru-10-to-19-years-041225016312"
"600 Remote Node Js Developer Job Vacancies","N/A","Remote India","Serper API","Node.js","2-4 years","https://in.indeed.com/q-remote-node-js-developer-jobs.html"
"2000+ Node Js Remote jobs in India (137 new)","N/A","Remote India","Serper API","Node.js","2-4 years","https://in.linkedin.com/jobs/node-js-remote-jobs"
"524 Node js developer remote jobs in India - Glassdoor","N/A","Remote India","Serper API","Node.js","2-4 years","https://www.glassdoor.co.in/Job/node-js-developer-remote-jobs-SRCH_KO0,24.htm"
"Remote Node.js Jobs (December 2025) - Arc.dev","N/A","Remote India","Serper API","Node.js","2-4 years","https://arc.dev/remote-jobs/nodejs"
"Remote NodeJS Jobs in India - Himalayas.app","N/A","Remote India","Serper API","Node.js","2-4 years","https://himalayas.app/jobs/countries/india/nodejs"
"50+ Remote Node.js Jobs in India","N/A","Remote India","Serper API","Node.js","2-4 years","https://cutshort.io/jobs/remote-nodejs-jobs"
"Remote Node JS Developer Jobs in 2026","N/A","Remote India","Serper API","Node.js","2-4 years","https://wellfound.com/role/r/node-js-developer"
"Nodejs Developer Jobs In Remote","N/A","Remote India","Serper API","Node.js","2-4 years","https://www.naukri.com/nodejs-developer-jobs-in-remote"
"Work from Home Node.js Jobs","Turing","Remote India","Serper API","Node.js","2-4 years","https://www.turing.com/jobs/node-js-jobs"
"Hire Dedicated Node.js Developer in India Starting $12/Hour","N/A","Remote India","Serper API","Node.js","2-4 years","https://www.virtualemployee.com/services/hire-nodejs-developers"
"Node js developer","N/A","Remote","Naukri.com","Node.js","2-4 years","https://www.naukri.com/job-listings-node-js-developer-incentives-software-private-limited-remote-3-to-8-years-191225501162"
"Software Engineer (Node JS Developer)","N/A","Remote","Naukri.com","Node.js","2-4 years","https://www.naukri.com/job-listings-software-engineer-node-js-developer-buzzboard-inc-remote-5-to-10-years-240625503313"
"Node.Js Developer","N/A","Remote","Naukri.com","Node.js","2-4 years","https://www.naukri.com/job-listings-node-js-developer-quest-global-technologies-ltd-remote-3-to-8-years-021225503422"
"Back End Node.JS Developer","N/A","Remote","Naukri.com","Node.js","2-4 years","https://www.naukri.com/job-listings-back-end-node-js-developer-trendspider-llc-remote-3-to-7-years-250925507449"
"Senior Node.js Developer","N/A","Remote","Naukri.com","Node.js","2-4 years","https://www.naukri.com/job-listings-senior-node-js-developer-mobileprogramming-remote-3-to-7-years-250522501634"
"PySpark / Node.js Developer","N/A","Remote","Naukri.com","Node.js","2-4 years","https://www.naukri.com/job-listings-pyspark-node-js-developer-clifyx-technology-remote-3-to-7-years-210325506313"
"Sr. Node JS Developer","N/A","Remote","Naukri.com","Node.js","2-4 years","https://www.naukri.com/job-listings-sr-node-js-developer-mnj-software-private-limited-remote-2-to-5-years-140223501627"
"Node JS Developers","N/A","Remote","Naukri.com","Node.js","2-4 years","https://www.naukri.com/job-listings-node-js-developers-laddu-systems-pvt-ltd-remote-2-to-6-years-121124505438"
"Node.js developer","N/A","Remote","Naukri.com","Node.js","2-4 years","https://www.naukri.com/job-listings-node-js-developer-gogovan-india-pvt-ltd-remote-1-to-3-years-090725502058"
"Node JS Developer","N/A","Remote","Naukri.com","Node.js","2-4 years","https://www.naukri.com/job-listings-node-js-developer-citta-solutions-remote-3-to-10-years-070322500621"
"MERN Developer","N/A","Jaipur","Naukri.com","Node.js","2-4 years","https://www.naukri.com/job-listings-mern-developer-kaabil-finance-private-limited-jaipur-0-to-2-years-181225501532"
"MERN Developer(Healthcare)","N/A","Pune","Naukri.com","Node.js","2-4 years","https://www.naukri.com/job-listings-mern-developer-healthcare-kp-hr-and-infra-services-pune-3-to-6-years-191225025853"
"Remote Opportunity - Zuora Developer For MNC","N/A","Remote","Naukri.com","Node.js","2-4 years","https://www.naukri.com/job-listings-remote-opportunity-zuora-developer-for-mnc-nxthire-india-hyderabad-3-to-8-years-171225021931"
"Software Engineer- React & NodeJS","N/A","Noida, New Delhi, Bengaluru","Naukri.com","Node.js","2-4 years","https://www.naukri.com/job-listings-software-engineer-react-nodejs-resmed-noida-new-delhi-bengaluru-3-to-5-years-191225500974"
"Software Engineer (MERN stack)","N/A","Ahmedabad","Naukri.com","Node.js","2-4 years","https://www.naukri.com/job-listings-software-engineer-mern-stack-petpooja-ahmedabad-1-to-5-years-191225015606"
"Custom Software Engineer","N/A","Navi Mumbai","Naukri.com","Node.js","2-4 years","https://www.naukri.com/job-listings-custom-software-engineer-accenture-solutions-pvt-ltd-navi-mumbai-10-to-15-years-181225925151"
"Reactjs Engineer","N/A","Remote","Naukri.com","Node.js","2-4 years","https://www.naukri.com/job-listings-reactjs-engineer-shuru-consulting-remote-3-to-6-years-181225502634"
"Internship-Node.Js Developer","N/A","Remote","Naukri.com","Node.js","2-4 years","https://www.naukri.com/job-listings-internship-node-js-developer-viga-entertainment-technology-private-limited-remote-0-to-1-years-130125506061"
"571 mern full stack developer Jobs in India, December 2025","N/A","Remote India","Serper API","Fullstack MERN","2-4 years","https://www.glassdoor.com/Job/mern-full-stack-developer-jobs-SRCH_IN115_KO0,25.htm"
"Remote Full-Stack Developer Jobs in India","N/A","Remote India","Serper API","Fullstack MERN","2-4 years","https://www.crossover.com/jobs/full-stack-developer/in"
"Remote MERN Stack Jobs - Work From Home","N/A","Remote India","Serper API","Fullstack MERN","2-4 years","https://jobgether.com/remote-jobs/mern-stack"
"50 Full Stack Mern Developer Job Vacancies in Remote","N/A","Remote India","Serper API","Fullstack MERN","2-4 years","https://in.indeed.com/q-full-stack-mern-developer-l-remote-jobs.html"
"Mean/Mern Developer","N/A","Jaipur","Naukri.com","Fullstack MERN","2-4 years","https://www.naukri.com/job-listings-mean-mern-developer-shri-genesis-jaipur-1-to-4-years-301025502974"
"MERN/MEAN Architect","N/A","Hyderabad, Pune, Bengaluru","Naukri.com","Fullstack MERN","2-4 years","https://www.naukri.com/job-listings-mern-mean-architect-infosys-hyderabad-pune-bengaluru-8-to-13-years-141125034729"
"MERN / MEAN Developer","N/A","Jodhpur","Naukri.com","Fullstack MERN","2-4 years","https://www.naukri.com/job-listings-mern-mean-developer-adiyogi-technosoft-pvt-ltd-jodhpur-2-to-6-years-240523500356"
"Mern Developer","N/A","Raipur","Naukri.com","Fullstack MERN","2-4 years","https://www.naukri.com/job-listings-mern-developer-gravity-engineering-services-raipur-0-to-1-years-081225015723"
"Software Engineer / Technical Lead","N/A","Ghaziabad(Surya Nagar)","Naukri.com","Fullstack MERN","2-4 years","https://www.naukri.com/job-listings-software-engineer-technical-lead-aas-educom-ghaziabad-3-to-6-years-191225024319"
"Software Engineer","N/A","Hybrid - Pune","Naukri.com","Fullstack MERN","2-4 years","https://www.naukri.com/job-listings-software-engineer-winjit-technologies-pune-3-to-8-years-161225932810"
"Sprinklr Consultant","N/A","Chennai","Naukri.com","Fullstack MERN","2-4 years","https://www.naukri.com/job-listings-sprinklr-consultant-capgemini-technology-services-india-limited-chennai-3-to-5-years-151225920214"
"OCC developer","N/A","Bengaluru","Naukri.com","Fullstack MERN","2-4 years","https://www.naukri.com/job-listings-occ-developer-growel-softech-pvt-ltd-bengaluru-2-to-6-years-121125923034"
"Developer -Strapi","N/A","Lucknow(Aliganj)","Naukri.com","Fullstack MERN","2-4 years","https://www.naukri.com/job-listings-developer-strapi-tnv-global-ltd-lucknow-5-to-10-years-091025040562"
"MEAN Developer","N/A","Chennai","Naukri.com","Fullstack MERN","2-4 years","https://www.naukri.com/job-listings-mean-developer-bigziel-chennai-1-to-3-years-311025500191"
"Mean Developer","N/A","Jamnagar","Naukri.com","Fullstack MERN","2-4 years","https://www.naukri.com/job-listings-mean-developer-skynet-technologies-jamnagar-2-to-5-years-080621500918"
"Meteor Developer","N/A","Gurgaon","Naukri.com","Fullstack MERN","2-4 years","https://www.naukri.com/job-listings-meteor-developer-fizzy-softwares-gurgaon-3-to-6-years-080217500988"
"Software Engineer - Angular,Node","N/A","Kolkata, Mumbai, New Delhi, Hyderabad, Pune, Chennai, Bengaluru","Naukri.com","Fullstack MERN","2-4 years","https://www.naukri.com/job-listings-software-engineer-angular-node-photon-infotech-p-ltd-kolkata-mumbai-new-delhi-hyderabad-pune-chennai-bengaluru-5-to-9-years-180225504520"
"5000+ Remote Devops jobs in India (285 new)","N/A","Remote India","Serper API","DevOps","2-4 years","https://in.linkedin.com/jobs/remote-devops-jobs"
"400 Remote Devops Engineer Job Vacancies","N/A","Remote India","Serper API","DevOps","2-4 years","https://in.indeed.com/q-remote-devops-engineer-jobs.html"
"Remote DevOps Engineer Jobs in India","N/A","Remote India","Serper API","DevOps","2-4 years","https://www.crossover.com/jobs/devops-engineer/in"
"Remote DevOps Jobs in India – Apply Now","N/A","Remote India","Serper API","DevOps","2-4 years","https://www.remoterocketship.com/country/india/jobs/devops/"
"Remote DevOps Technologies Jobs in India - Himalayas.app","N/A","Remote India","Serper API","DevOps","2-4 years","https://himalayas.app/jobs/countries/india/devops-technologies"
"Devops Engineer Jobs in India - 2026","N/A","Remote India","Serper API","DevOps","2-4 years","https://wellfound.com/role/l/devops-engineer/india"
"2,157 Remote devops jobs in India - Glassdoor","N/A","Remote India","Serper API","DevOps","2-4 years","https://www.glassdoor.co.in/Job/remote-devops-jobs-SRCH_KO0,13.htm"
"50+ Remote DevOps Jobs in India","CoinCROWD","Remote India","Serper API","DevOps","2-4 years","https://cutshort.io/jobs/remote-devops-jobs"
"Remote Jobs in Devops / Sysadmin | Remotive.com","N/A","Remote India","Serper API","DevOps","2-4 years","https://remotive.com/remote-jobs/devops"
"Devops Home Jobs","N/A","Remote India","Serper API","DevOps","2-4 years","https://www.naukri.com/devops-home-jobs"
"DevOps Engineer","N/A","Remote","Naukri.com","DevOps","2-4 years","https://www.naukri.com/job-listings-devops-engineer-webknot-remote-1-to-3-years-311025502158"
"DevOps Engineer - Remote","N/A","Navi Mumbai","Naukri.com","DevOps","2-4 years","https://www.naukri.com/job-listings-devops-engineer-remote-saffo-solution-technology-navi-mumbai-3-to-8-years-030225501225"
"DevOps Engineer (Remote)","N/A","Remote","Naukri.com","DevOps","2-4 years","https://www.naukri.com/job-listings-devops-engineer-remote-crossing-hurdles-gurugram-1-to-6-years-011225008409"
"DevOps Engineer (On-premise server)","N/A","Gurugram","Naukri.com","DevOps","2-4 years","https://www.naukri.com/job-listings-devops-engineer-on-premise-server-coolboots-media-gurugram-4-to-6-years-260825027239"
"DevOps Engineer L4","N/A","Pune","Naukri.com","DevOps","2-4 years","https://www.naukri.com/job-listings-devops-engineer-l4-wipro-limited-pune-5-to-8-years-191225922315"
"Devops Engineer","N/A","Bengaluru","Naukri.com","DevOps","2-4 years","https://www.naukri.com/job-listings-devops-engineer-facctum-it-solutions-india-private-limited-bengaluru-5-to-10-years-191225504036"
"Job Opportunity| Devops Engineer | Mumbai | Immediate Joiners","N/A","Pune","Naukri.com","DevOps","2-4 years","https://www.naukri.com/job-listings-opportunity-devops-engineer-mumbai-immediate-joiners-vidya-online-pune-1-to-3-years-191225022775"
"Devops Engineer 4","N/A","Remote","Naukri.com","DevOps","2-4 years","https://www.naukri.com/job-listings-devops-engineer-4-new-groyp-talentoj-bengaluru-8-to-13-years-191225002262"
"Devops Engineer-4","N/A","Remote","Naukri.com","DevOps","2-4 years","https://www.naukri.com/job-listings-devops-engineer-4-new-groyp-talentoj-bengaluru-8-to-13-years-191225001231"
"DevOps Engineer - L4","N/A","Hyderabad","Naukri.com","DevOps","2-4 years","https://www.naukri.com/job-listings-devops-engineer-l4-wipro-limited-hyderabad-5-to-8-years-181225932498"
"5 Mern Stack Developer Remote Jobs and Vacancies ...","N/A","Pune India","Serper API","MERN","2-4 years","https://in.indeed.com/q-mern-stack-developer-remote-l-pune,-maharashtra-jobs.html"
"Mern Stack Jobs In Pune","N/A","Pune India","Serper API","MERN","2-4 years","https://www.naukri.com/mern-stack-jobs-in-pune-2"
"41 MERN Stack Developer - Remote Work From Home ...","N/A","Pune India","Serper API","MERN","2-4 years","https://internshala.com/jobs/mern-stack-developer-remote-jobs-in-pune/work-from-home/"
"30 mern stack developer Jobs in Pune, December 2025","N/A","Pune India","Serper API","MERN","2-4 years","https://www.glassdoor.com/Job/pune-mern-stack-developer-jobs-SRCH_IL.0,4_IC2856202_KO5,25.htm"
"6 Mern Stack Developer jobs in Pune, Maharashtra, India ...","N/A","Pune India","Serper API","MERN","2-4 years","https://in.linkedin.com/jobs/mern-stack-developer-jobs-pune"
"19+ MERN Stack Jobs in Pune","N/A","Pune India","Serper API","MERN","2-4 years","https://cutshort.io/jobs/mern-stack-jobs-in-pune"
"Full Stack Web Developer Jobs in Pune, India - 2026","N/A","Pune India","Serper API","MERN","2-4 years","https://wellfound.com/role/l/full-stack-web-developer/pune"
"24 mern stack developer jobs in Pune, December 2025","N/A","Pune India","Serper API","MERN","2-4 years","https://www.glassdoor.co.in/Job/pune-mern-stack-developer-jobs-SRCH_IL.0,4_IC2856202_KO5,25.htm"
"4709 Mern Full Stack Developer Job vacancies in Pune 2025","N/A","Pune India","Serper API","MERN","2-4 years","https://www.foundit.in/search/mern-full-stack-developer-jobs-in-pune"
"node js developer remote jobs in pune, maharashtra","N/A","Pune India","Serper API","Node.js","2-4 years","https://in.indeed.com/q-node-js-developer-remote-l-pune,-maharashtra-jobs.html"
"28 node js developer remote jobs in Pune, November 2025","N/A","Pune India","Serper API","Node.js","2-4 years","https://www.glassdoor.co.in/Job/pune-node-js-developer-remote-jobs-SRCH_IL.0,4_IC2856202_KO5,29.htm"
"814 Node Js Developer jobs in Pune","N/A","Pune India","Serper API","Node.js","2-4 years","https://in.linkedin.com/jobs/node-js-developer-jobs-pune"
"Remote Node.js Developer Jobs in Pune - Work From Home","N/A","Pune India","Serper API","Node.js","2-4 years","https://jobgether.com/remote-jobs/pune/node-js-developer"
"node.js developer remote jobs in pune, maharashtra","N/A","Pune India","Serper API","Node.js","2-4 years","https://www.simplyhired.co.in/search?q=node.js+developer+-+remote&l=pune%2C+maharashtra"
"50+ Remote Node.js Jobs in India","Donor Three Sixty","Pune India","Serper API","Node.js","2-4 years","https://cutshort.io/jobs/remote-nodejs-jobs"
"Node.js jobs in Pune","N/A","Pune India","Serper API","Node.js","2-4 years","https://www.instahyre.com/nodejs-jobs-in-pune/"
"Node Js Developer jobs in Pune, Maharashtra","N/A","Pune India","Serper API","Node.js","2-4 years","https://in.indeed.com/q-node-js-developer-l-pune,-maharashtra-jobs.html"
"Node Js Developer Jobs In India","N/A","Pune India","Serper API","Node.js","2-4 years","https://www.naukri.com/node-js-developer-jobs-in-india"
"Node And React Work From Home Jobs in Pune, Dec","N/A","Pune India","Serper API","Node.js","2-4 years","https://internshala.com/jobs/full-stack-developer-node-and-react-jobs-in-pune/work-from-home/"
"Developer","N/A","Pune","Naukri.com","Node.js","2-4 years","https://www.naukri.com/job-listings-developer-tata-consultancy-services-ltd-pune-5-to-8-years-121225916060"
"Developer L4","N/A","Pune","Naukri.com","Node.js","2-4 years","https://www.naukri.com/job-listings-developer-l4-wipro-limited-pune-5-to-8-years-111225925545"
"Nodejs+Testing Developer","N/A","Chennai","Naukri.com","Node.js","2-4 years","https://www.naukri.com/job-listings-nodejs-testing-developer-valuelabs-chennai-7-to-12-years-101225020738"
"Genesys Senior Developer","N/A","Chennai, Bengaluru","Naukri.com","Node.js","2-4 years","https://www.naukri.com/job-listings-genesys-senior-developer-ciel-hr-chennai-bengaluru-6-to-11-years-051225922856"
"FSD architect","N/A","Bengaluru","Naukri.com","Node.js","2-4 years","https://www.naukri.com/job-listings-fsd-architect-primus-global-technologies-bengaluru-15-to-24-years-290825027345"
"Practice Engineer, AMP","N/A","Bengaluru","Naukri.com","Node.js","2-4 years","https://www.naukri.com/job-listings-practice-engineer-amp-mongodb-software-india-private-limited-bengaluru-4-to-9-years-171225918059"
"Best Full Stack Developer Jobs in Pune 2025","N/A","Pune India","Serper API","Fullstack MERN","2-4 years","https://builtinpune.in/jobs/dev-engineering/search/full-stack-developer"
"MERN Stack Developer Jobs in Maharashtra, India - 2026","N/A","Pune India","Serper API","Fullstack MERN","2-4 years","https://wellfound.com/role/l/mern-stack-developer/maharashtra"
"Full Stack MERN Developer (React, Node.js, MongoDB)","N/A","Pune India","Serper API","Fullstack MERN","2-4 years","https://builtin.com/job/full-stack-mern-developer-react-node-js-mongodb/6234380"
"Fullstack Mern Stack Development Jobs in Pune","N/A","Pune India","Serper API","Fullstack MERN","2-4 years","https://www.foundit.in/search/fullstack-mern-stack-development-jobs-in-pune-2"
"Mern Stack Developer","N/A","Pune India","Serper API","Fullstack MERN","2-4 years","https://in.talent.com/view?id=9809239b00de"
"Remote Devops Engineer jobs in Pune, Maharashtra","N/A","Pune India","Serper API","DevOps","2-4 years","https://in.indeed.com/q-remote-devops-engineer-l-pune,-maharashtra-jobs.html"
"564 Remote Devops jobs in Pune/Pimpri-Chinchwad Area ...","N/A","Pune India","Serper API","DevOps","2-4 years","https://in.linkedin.com/jobs/remote-devops-jobs-pune-pimpri-chinchwad-area"
"Azure DevOps Engineer (Remote, Full-Time) [AS184] at ...","Smart Working Solutions","Pune India","Serper API","DevOps","2-4 years","https://www.jobtarget.com/jobs/jt-a4h42g5v5p/azure-devops-engineer-remote-full-time-as184-pune-maharashtra"
"Best DevOps Engineer Jobs in Pune 2025","N/A","Pune India","Serper API","DevOps","2-4 years","https://builtinpune.in/jobs/dev-engineering/search/devops-engineer"
"62 Remote devops engineer azure jobs in Pune - Glassdoor","N/A","Pune India","Serper API","DevOps","2-4 years","https://www.glassdoor.co.in/Job/pune-remote-devops-engineer-azure-jobs-SRCH_IL.0,4_IC2856202_KO5,33.htm"
"Devops Engineer Jobs in Pune, India - 2026","N/A","Pune India","Serper API","DevOps","2-4 years","https://wellfound.com/role/l/devops-engineer/pune"
"DevOps Engineer - Remote Work Jobs in Pune ...","BairesDev in Pune","Pune India","Serper API","DevOps","2-4 years","https://www.mployee.me/jobs/view/devops-engineer-remote-work-in-pune-at-bairesdev-4326465157/s1"
"Devops Engineer Jobs In Pune","N/A","Pune India","Serper API","DevOps","2-4 years","https://www.naukri.com/devops-engineer-jobs-in-pune"
"DevOps jobs in India","N/A","Pune India","Serper API","DevOps","2-4 years","https://startup.jobs/locations/india/devops"
"Work from Home DevOps Jobs in Pune","N/A","Pune India","Serper API","DevOps","2-4 years","https://www.turing.com/jobs/devops-jobs-in-pune"
"DevOps Engineer L3","N/A","Pune","Naukri.com","DevOps","2-4 years","https://www.naukri.com/job-listings-devops-engineer-l3-wipro-limited-pune-3-to-5-years-181225929450"
"Mern Stack Developer jobs in Mumbai, Maharashtra","N/A","Mumbai India","Serper API","MERN","2-4 years","https://in.indeed.com/q-mern-stack-developer-l-mumbai,-maharashtra-jobs.html"
"Mern Stack Developer Jobs In Mumbai","N/A","Mumbai India","Serper API","MERN","2-4 years","https://www.naukri.com/mern-stack-developer-jobs-in-mumbai"
"21 Mern Stack Developer jobs in Mumbai Metropolitan ...","N/A","Mumbai India","Serper API","MERN","2-4 years","https://in.linkedin.com/jobs/mern-stack-developer-jobs-mumbai-metropolitan-region"
"MERN Stack Developer Jobs in India - 2026","N/A","Mumbai India","Serper API","MERN","2-4 years","https://wellfound.com/role/l/mern-stack-developer/india"
"32 Mern stack developer jobs in Navi Mumbai - Glassdoor","N/A","Mumbai India","Serper API","MERN","2-4 years","https://www.glassdoor.co.in/Job/breadnut-hill-mern-stack-developer-jobs-SRCH_IL.0,13_IC5021997_KO14,34.htm"
"12 mern stack developers jobs in mumbai Jobs","N/A","Mumbai India","Serper API","MERN","2-4 years","https://www.iitjobs.com/mern-stack-developers-jobs-in-mumbai"
"MERN Full-Stack Developer - Career Opportunities","N/A","Mumbai India","Serper API","MERN","2-4 years","https://www.miclient.ai/career-detail/full-stack-developer"
"MERN Stack Developer","N/A","Mumbai India","Serper API","MERN","2-4 years","https://in.talent.com/view?id=450f8edc2eec"
"596 Node Js Developer jobs in Mumbai Metropolitan ...","N/A","Mumbai India","Serper API","Node.js","2-4 years","https://in.linkedin.com/jobs/node-js-developer-jobs-mumbai-metropolitan-region"
"work from home node js jobs in mumbai, maharashtra","N/A","Mumbai India","Serper API","Node.js","2-4 years","https://in.indeed.com/q-work-from-home-node-js-l-mumbai,-maharashtra-jobs.html"
"13 node js developer jobs in Mumbai, December 2025","N/A","Mumbai India","Serper API","Node.js","2-4 years","https://www.glassdoor.co.in/Job/mumbai-node-js-developer-jobs-SRCH_IL.0,6_IC2851180_KO7,24.htm"
"3431 Node Js Job Vacancies In Mumbai","N/A","Mumbai India","Serper API","Node.js","2-4 years","https://www.naukri.com/node-js-jobs-in-mumbai"
"Node.js Developer - Web Applications Job","N/A","Mumbai India","Serper API","Node.js","2-4 years","https://www.iitjobs.com/job/nodejs-developer-web-applications-mumbai-maharashtra-india-19048"
"Junior Backend Developer (Node.JS) - Antarctica Global","Antarctica Global","Mumbai India","Serper API","Node.js","2-4 years","https://builtin.com/job/junior-backend-developer-nodejs/2983093"
"Remote Node.Js Developer Jobs in India - Work From Home","N/A","Mumbai India","Serper API","Node.js","2-4 years","https://careervault.io/remote/software/nodejs-developer/india"
"781 Node Js jobs in Navi Mumbai, Maharashtra, India (60 ...","N/A","Mumbai India","Serper API","Node.js","2-4 years","https://in.linkedin.com/jobs/node-js-jobs-navi-mumbai"
"Software Engineer at A Fintech Unicorn","N/A","Remote","Naukri.com","Node.js","2-4 years","https://www.naukri.com/job-listings-software-engineer-at-a-fintech-unicorn-recruito-mumbai-all-areas-1-to-3-years-171225013423"
"Full Stack Developer jobs in Mumbai","N/A","Mumbai India","Serper API","Fullstack MERN","2-4 years","https://www.devjobsscanner.com/full-stack-developer-jobs-in-mumbai/"
"Full Stack MERN Developer (Equity Based)","N/A","Mumbai India","Serper API","Fullstack MERN","2-4 years","https://in.talent.com/view?id=2ebb9171fc26"
"Remote Devops jobs in Mumbai, Maharashtra","N/A","Mumbai India","Serper API","DevOps","2-4 years","https://in.indeed.com/q-remote-devops-l-mumbai,-maharashtra-jobs.html"
"91 remote devops jobs in Mumbai, December 2025 | Glassdoor","N/A","Mumbai India","Serper API","DevOps","2-4 years","https://www.glassdoor.co.in/Job/mumbai-remote-devops-jobs-SRCH_IL.0,6_IC2851180_KO7,20.htm"
"309 Devops Engineer jobs in Mumbai Metropolitan Region","N/A","Mumbai India","Serper API","DevOps","2-4 years","https://in.linkedin.com/jobs/devops-engineer-jobs-mumbai-metropolitan-region"
"Azure DevOps Engineer (Remote, Full-Time) [AS184] at ...","N/A","Mumbai India","Serper API","DevOps","2-4 years","https://www.jobtarget.com/jobs/jt-rjxj742amz/azure-devops-engineer-remote-full-time-as184-mumbai-maharashtra"
"Devops Engineer Jobs In Mumbai","N/A","Mumbai India","Serper API","DevOps","2-4 years","https://www.naukri.com/devops-engineer-jobs-in-mumbai"
"Best DevOps Engineer Jobs in Mumbai 2025","N/A","Mumbai India","Serper API","DevOps","2-4 years","https://builtinmumbai.in/jobs/dev-engineering/search/devops-engineer"
"DevOps Engineer jobs in Mumbai","N/A","Mumbai India","Serper API","DevOps","2-4 years","https://www.devjobsscanner.com/devops-engineer-jobs-in-mumbai/"
"781 Remote Devops Engineer jobs in India","N/A","Mumbai India","Serper API","DevOps","2-4 years","https://in.linkedin.com/jobs/remote-devops-engineer-jobs"
"Mern Stack Developer jobs in Bengaluru, Karnataka","N/A","Bangalore India","Serper API","MERN","2-4 years","https://in.indeed.com/q-mern-stack-developer-l-bengaluru,-karnataka-jobs.html"
"MERN Stack Developer Jobs in Bengaluru, India - 2026","N/A","Bangalore India","Serper API","MERN","2-4 years","https://wellfound.com/role/l/mern-stack-developer/bangalore"
"85 Mern Stack jobs in Bengaluru, Karnataka, India (4 new)","N/A","Bangalore India","Serper API","MERN","2-4 years","https://in.linkedin.com/jobs/mern-stack-jobs-bengaluru"
"72 mern stack developer jobs in Bengaluru, December 2025","N/A","Bangalore India","Serper API","MERN","2-4 years","https://www.glassdoor.co.in/Job/bengaluru-mern-stack-developer-jobs-SRCH_IL.0,9_IC2940587_KO10,30.htm"
"10226 Mern Stack Job Vacancies In Bengaluru Bangalore","N/A","Bangalore India","Serper API","MERN","2-4 years","https://www.naukri.com/mern-stack-jobs-in-bengaluru-bangalore"
"40 MERN Stack Developer - Remote Jobs in Bangalore, Dec","N/A","Bangalore India","Serper API","MERN","2-4 years","https://internshala.com/jobs/mern-stack-developer-remote-jobs-in-bangalore/"
"50+ MERN Stack Jobs in Bangalore (Bengaluru)","N/A","Bangalore India","Serper API","MERN","2-4 years","https://cutshort.io/jobs/mern-stack-jobs-in-bangalore-bengaluru"
"Mern Stack Developer Jobs In Bangalore","N/A","Bangalore India","Serper API","MERN","2-4 years","https://www.expertia.ai/job/mern-stack-developer-jobs-bangalore"
"291 Remote Full Stack Developer jobs in Bengaluru ...","N/A","Bangalore India","Serper API","MERN","2-4 years","https://in.linkedin.com/jobs/remote-full-stack-developer-jobs-bengaluru"
"Senior MERN Stack Developer","N/A","Bengaluru","Naukri.com","MERN","2-4 years","https://www.naukri.com/job-listings-senior-mern-stack-developer-infosys-limited-bengaluru-5-to-9-years-191125931938"
"232 Remote Node Js jobs in Bengaluru, Karnataka, India ...","N/A","Bangalore India","Serper API","Node.js","2-4 years","https://in.linkedin.com/jobs/remote-node-js-jobs-bengaluru"
"Node Js Developer jobs in Bengaluru, Karnataka","N/A","Bangalore India","Serper API","Node.js","2-4 years","https://in.indeed.com/q-node-js-developer-l-bengaluru,-karnataka-jobs.html"
"WFH Node.js Jobs in Bangalore","N/A","Bangalore India","Serper API","Node.js","2-4 years","https://www.turing.com/jobs/node-js-jobs-in-bangalore"
"230 Node Js Remote jobs in Bengaluru","N/A","Bangalore India","Serper API","Node.js","2-4 years","https://in.linkedin.com/jobs/node-js-remote-jobs-bengaluru"
"1720 node js Jobs in Bangalore, India, September 2025","N/A","Bangalore India","Serper API","Node.js","2-4 years","https://www.glassdoor.com/Job/node-js-jobs-SRCH_IM1091_KO0,7.htm"
"Node Js Developer Jobs In Bengaluru","N/A","Bangalore India","Serper API","Node.js","2-4 years","https://www.naukri.com/node-js-developer-jobs-in-bengaluru"
"Node.js jobs in Bangalore","N/A","Bangalore India","Serper API","Node.js","2-4 years","https://www.instahyre.com/nodejs-jobs-in-bangalore/"
"Node JS Developer Jobs in India - 2026","N/A","Bangalore India","Serper API","Node.js","2-4 years","https://wellfound.com/role/l/node-js-developer/india"
"Senior Node.js Developer: Bangalore: Hybrid Mode","N/A","Bangalore India","Serper API","Node.js","2-4 years","https://www.iitjobs.com/job/senior-nodejs-developer-bangalore-hybrid-mode-bangalore-karnataka-india-138361"
"Mern Stack Developer Jobs In Bangalore Bengaluru","N/A","Bangalore India","Serper API","Fullstack MERN","2-4 years","https://www.naukri.com/mern-stack-developer-jobs-in-bangalore-bengaluru"
"MERN Fullstack Job - Bengaluru, Karnataka, India (Brillio)","N/A","Bangalore India","Serper API","Fullstack MERN","2-4 years","https://www.iitjobs.com/job/mern-fullstack-bengaluru-karnataka-india-brillio-43472"
"564 Devops Work From Home jobs in Bengaluru ...","N/A","Bangalore India","Serper API","DevOps","2-4 years","https://in.linkedin.com/jobs/devops-work-from-home-jobs-bengaluru"
"Devops Remote jobs in Bengaluru, Karnataka","N/A","Bangalore India","Serper API","DevOps","2-4 years","https://in.indeed.com/m/jobs?q=Devops+Remote&l=Bengaluru%2C+Karnataka"
"Devops Engineer Jobs in Bengaluru, India - 2026","N/A","Bangalore India","Serper API","DevOps","2-4 years","https://wellfound.com/role/l/devops-engineer/bangalore"
"50 remote devops engineer jobs in Bengaluru, November 2025","N/A","Bangalore India","Serper API","DevOps","2-4 years","https://www.glassdoor.co.in/Job/bengaluru-remote-devops-engineer-jobs-SRCH_IL.0,9_IC2940587_KO10,32.htm"
"DevOps Jobs in Bengaluru at Palo Alto Networks","N/A","Bangalore India","Serper API","DevOps","2-4 years","https://jobs.paloaltonetworks.com/en/employment/bengaluru-karnataka-india-devops-jobs/47263/8843520/1269750-1267701-1277331-1277333/4"
"DevOps Engineer | Bengaluru, India @ Degreed","N/A","Bangalore India","Serper API","DevOps","2-4 years","https://jobs.techstars.com/companies/degreed/jobs/51228493-devops-engineer"
"DevOps Jobs in Bangalore (India) | DevOpsProjectsHQ","N/A","Bangalore India","Serper API","DevOps","2-4 years","https://devopsprojectshq.com/role/devops-bangalore/"
"Skyflow | DevOps Engineer (REMOTE - Bangalore, India)","N/A","Bangalore India","Serper API","DevOps","2-4 years","https://www.useparallel.com/skyflow/careers/6688cfb682d3e1177ec4f05e"
"Devops Engineer Jobs In Bangalore - Bengaluru","N/A","Bangalore India","Serper API","DevOps","2-4 years","https://www.naukri.com/devops-engineer-jobs-in-bangalore"
"DevOps Engineer jobs in India","N/A","Bangalore India","Serper API","DevOps","2-4 years","https://www.devjobsscanner.com/devops-engineer-jobs-in-india/"
"10 Full Stack Developer (mern) jobs in Hyderabad ...","N/A","Hyderabad India","Serper API","MERN","2-4 years","https://in.linkedin.com/jobs/full-stack-developer-%28mern%29-jobs-hyderabad"
"mern developer jobs in hyderabad, telangana","N/A","Hyderabad India","Serper API","MERN","2-4 years","https://in.indeed.com/q-mern-developer-l-hyderabad,-telangana-jobs.html"
"Mern Stack Developer Jobs In Hyderabad Secunderabad","N/A","Hyderabad India","Serper API","MERN","2-4 years","https://www.naukri.com/mern-stack-developer-jobs-in-hyderabad-secunderabad"
"Full Stack Developer Jobs in Hyderabad, India - 2026","N/A","Hyderabad India","Serper API","MERN","2-4 years","https://wellfound.com/role/l/full-stack-developer/hyderabad"
"18+ MERN Stack Jobs in Hyderabad","N/A","Hyderabad India","Serper API","MERN","2-4 years","https://cutshort.io/jobs/mern-stack-jobs-in-hyderabad"
"MERN Stack Developer (Remote)","N/A","Hyderabad India","Serper API","MERN","2-4 years","https://techcelest.com/careers/mern-stack-developer-remote/"
"41 MERN Stack Developer Work From Home Jobs in ...","N/A","Hyderabad India","Serper API","MERN","2-4 years","https://internshala.com/jobs/mern-stack-developer-jobs-in-hyderabad/work-from-home/"
"mern stack developer jobs in hyderabad, telangana","N/A","Hyderabad India","Serper API","MERN","2-4 years","https://www.simplyhired.co.in/search?q=mern+stack+developer&l=hyderabad%2C+telangana"
"Node Js Developer jobs in Hyderabad, Telangana","N/A","Hyderabad India","Serper API","Node.js","2-4 years","https://in.indeed.com/q-node-js-developer-l-hyderabad,-telangana-jobs.html"
"1000+ Node Js jobs in Hyderabad","N/A","Hyderabad India","Serper API","Node.js","2-4 years","https://in.linkedin.com/jobs/node-js-jobs-hyderabad"
"12202 Nodejs Job Vacancies In Hyderabad Secunderabad","N/A","Hyderabad India","Serper API","Node.js","2-4 years","https://www.naukri.com/nodejs-jobs-in-hyderabad-secunderabad"
"Junior Javascript Node Developer (Hyderabad, India) WFO","N/A","Hyderabad India","Serper API","Node.js","2-4 years","https://www.symphonize.com/job-openings/junior-javascript-node-developer-hyderabad-india"
"17 node js developer jobs In Hyderabad","N/A","Hyderabad India","Serper API","Node.js","2-4 years","https://app.qureos.com/jobs/search/node-js-developer-jobs-in-hyderabad"
"JavaScript Developer Jobs in Hyderabad, India - 2026","N/A","Hyderabad India","Serper API","Node.js","2-4 years","https://wellfound.com/role/l/javascript-developer/hyderabad"
"50 Node Js Developer Remote 1 Year Experience Job ...","N/A","Hyderabad India","Serper API","Node.js","2-4 years","https://in.indeed.com/q-node-js-developer-remote-1-year-experience-l-remote-jobs.html"
"8 nodejs jobs in Hyderābād, December 2025 - Glassdoor","N/A","Hyderabad India","Serper API","Node.js","2-4 years","https://www.glassdoor.co.in/Job/hyder%C4%81b%C4%81d-nodejs-jobs-SRCH_IL.0,9_IC2865319_KO10,16.htm"
"983 Node Js Developer jobs in Hyderabad","N/A","Hyderabad India","Serper API","Node.js","2-4 years","https://in.linkedin.com/jobs/node-js-developer-jobs-hyderabad"
"mern full stack jobs in hyderabad, telangana","N/A","Hyderabad India","Serper API","Fullstack MERN","2-4 years","https://in.indeed.com/q-mern-full-stack-l-hyderabad,-telangana-jobs.html"
"40 Fullstack Developer(MERN Stack) Work From Home ...","N/A","Hyderabad India","Serper API","Fullstack MERN","2-4 years","https://internshala.com/jobs/fullstack-developer-mern-stack-jobs-in-hyderabad/work-from-home/"
"Mern Stack Developer Jobs In Hyderabad-secunderabad ...","N/A","Hyderabad India","Serper API","Fullstack MERN","2-4 years","https://www.naukri.com/mern-stack-developer-jobs-in-hyderabad-secunderabad-secunderabad-21"
"MERN stack developers Job - Hyderabad, Telangana, India","N/A","Hyderabad India","Serper API","Fullstack MERN","2-4 years","https://www.iitjobs.com/job/mern-stack-developers-hyderabad-telangana-india-2625"
"MERN Stack Developer Jobs in Hyderabad, India - 2026","N/A","Hyderabad India","Serper API","Fullstack MERN","2-4 years","https://wellfound.com/role/l/mern-stack-developer/hyderabad"
"Node JS Architect","N/A","Hyderabad","Naukri.com","Fullstack MERN","2-4 years","https://www.naukri.com/job-listings-node-js-architect-virtusa-consulting-services-pvt-ltd-hyderabad-10-to-15-years-191125936226"
"563 Remote Devops jobs in Hyderabad, Telangana, India ...","N/A","Hyderabad India","Serper API","DevOps","2-4 years","https://in.linkedin.com/jobs/remote-devops-jobs-hyderabad"
"5 Remote Devops Engineer Jobs and Vacancies ...","N/A","Hyderabad India","Serper API","DevOps","2-4 years","https://in.indeed.com/q-remote-devops-engineer-l-hyderabad,-telangana-jobs.html"
"Remote DevOps Engineer Jobs in Hyderabad, India","N/A","Hyderabad India","Serper API","DevOps","2-4 years","https://www.crossover.com/jobs/devops-engineer/in/tg/hyderabad"
"DevOps Engineer job in Hyderabad, India","N/A","Hyderabad India","Serper API","DevOps","2-4 years","https://jobs.experian.com/job/devops-engineer-in-hyderabad-india-jid-1338"
"Best DevOps Engineer Jobs in Hyderabad 2025","N/A","Hyderabad India","Serper API","DevOps","2-4 years","https://builtin.com/jobs/as/india/hyderabad/dev-engineering/search/devops-engineer"
"Job Title: DevOps Engineer – SaaS/AZURE Platform","N/A","Hyderabad India","Serper API","DevOps","2-4 years","https://dhan.freshteam.com/jobs/ok8s7eZSptie/devops-engineer-remote"
"Devops Jobs In Hyderabad Secunderabad","N/A","Hyderabad India","Serper API","DevOps","2-4 years","https://www.naukri.com/devops-jobs-in-hyderabad-secunderabad"
"Azure Devops jobs in Hyderabad","N/A","Hyderabad India","Serper API","DevOps","2-4 years","https://www.devjobsscanner.com/azure-devops-jobs-in-hyderabad/"
"87 DevOps Engineer - Remote Work jobs in Hyderābād","N/A","Hyderabad India","Serper API","DevOps","2-4 years","https://www.glassdoor.co.in/Job/jobs.htm?sc.occupationParam=DevOps+Engineer+-+Remote+Work&sc.locationSeoString=Hyder%C4%81b%C4%81d&locId=2865319&locT=C"
"25 Mern Stack Developer Job Vacancies in Delhi","N/A","Delhi India","Serper API","MERN","2-4 years","https://in.indeed.com/q-mern-stack-developer-l-delhi-jobs.html"
"19 Mern Stack Developer jobs in Delhi Cantonment ...","N/A","Delhi India","Serper API","MERN","2-4 years","https://in.linkedin.com/jobs/mern-stack-developer-jobs-delhi-cantonment"
"MERN Stack Developer Jobs in Delhi, India - 2026","N/A","Delhi India","Serper API","MERN","2-4 years","https://wellfound.com/role/l/mern-stack-developer/new-delhi"
"51 mern stack developer jobs in New Delhi, December 2025","N/A","Delhi India","Serper API","MERN","2-4 years","https://www.glassdoor.co.in/Job/new-delhi-mern-stack-developer-jobs-SRCH_IL.0,9_IC2891681_KO10,30.htm"
"33+ MERN Stack Jobs in Delhi, NCR and Gurgaon","N/A","Delhi India","Serper API","MERN","2-4 years","https://cutshort.io/jobs/mern-stack-jobs-in-delhi-ncr-gurgaon-noida"
"Jobs for MERN stack developer","N/A","Delhi India","Serper API","MERN","2-4 years","https://talentoindia.com/jobs-category/mern-stack-developer"
"Mern jobs","N/A","Delhi India","Serper API","MERN","2-4 years","https://www.devjobsscanner.com/mern-jobs/"
"200 Node Js Developer Job Vacancies in Delhi","N/A","Delhi India","Serper API","Node.js","2-4 years","https://in.indeed.com/q-node-js-developer-l-delhi-jobs.html"
"290 Node Js Remote jobs in Greater Delhi Area (19 new)","N/A","Delhi India","Serper API","Node.js","2-4 years","https://in.linkedin.com/jobs/node-js-remote-jobs-greater-delhi-area"
"133 node js developer Jobs in Delhi, September 2025","N/A","Delhi India","Serper API","Node.js","2-4 years","https://www.glassdoor.com/Job/delhi-node-js-developer-jobs-SRCH_IL.0,5_IS4937_KO6,23.htm"
"1334 Node Js Developer Job Vacancies In New Delhi","N/A","Delhi India","Serper API","Node.js","2-4 years","https://www.naukri.com/node-js-developer-jobs-in-new-delhi"
"25 Work From Home Node.js Development Jobs for ...","N/A","Delhi India","Serper API","Node.js","2-4 years","https://internshala.com/fresher-jobs/node-js-development-jobs-in-delhi/work-from-home/"
"10 Best node js / nodejs jobs in delhi, delhi (Hiring Now!)","N/A","Delhi India","Serper API","Node.js","2-4 years","https://www.simplyhired.co.in/search?q=node+js+%2F+nodejs&l=delhi%2C+delhi"
"React.js Architect","N/A","New Delhi","Naukri.com","Node.js","2-4 years","https://www.naukri.com/job-listings-react-js-architect-micro0-new-delhi-4-to-9-years-191225504233"
"40 Software Developer (MERN STACK) Work From Home ...","N/A","Delhi India","Serper API","Fullstack MERN","2-4 years","https://internshala.com/jobs/software-developer-mern-stack-jobs-in-delhi/work-from-home/"
"mern full stack development jobs in delhi, delhi","N/A","Delhi India","Serper API","Fullstack MERN","2-4 years","https://www.simplyhired.co.in/search?q=mern+full-stack+development&l=delhi%2C+delhi"
"342 Remote Full Stack Developer jobs in Delhi ...","N/A","Delhi India","Serper API","Fullstack MERN","2-4 years","https://in.linkedin.com/jobs/remote-full-stack-developer-jobs-delhi-cantonment"
"576 Full stack developer jobs in India - Work from home","N/A","Delhi India","Serper API","Fullstack MERN","2-4 years","https://www.glassdoor.com/Job/work-from-home-india-full-stack-developer-jobs-SRCH_FW0,14_IL.15,20_IN115_KO21,41.htm"
"Developer Internship","N/A","New Delhi","Naukri.com","Fullstack MERN","2-4 years","https://www.naukri.com/job-listings-developer-internship-pbl-india-new-delhi-0-to-5-years-261017502460"
"571 Remote Devops jobs in Greater Delhi Area","N/A","Delhi India","Serper API","DevOps","2-4 years","https://in.linkedin.com/jobs/remote-devops-jobs-greater-delhi-area"
"100 Devops Engineer Remote Job Vacancies in Delhi","N/A","Delhi India","Serper API","DevOps","2-4 years","https://in.indeed.com/q-devops-engineer-remote-l-delhi-jobs.html"
"Devops Engineer Jobs In Delhi Ncr","N/A","Delhi India","Serper API","DevOps","2-4 years","https://www.naukri.com/devops-engineer-jobs-in-delhi-ncr"
"Devops Engineer Jobs in New Delhi, India - 2026","N/A","Delhi India","Serper API","DevOps","2-4 years","https://wellfound.com/role/l/devops-engineer/delhi-in"
"36 devops engineer Jobs in Delhi, October 2025","N/A","Delhi India","Serper API","DevOps","2-4 years","https://www.glassdoor.com/Job/delhi-devops-engineer-jobs-SRCH_IL.0,5_IS4937_KO6,21.htm"
"Remote DevOps Engineer Jobs in Delhi-NCR, India","N/A","Delhi India","Serper API","DevOps","2-4 years","https://www.crossover.com/jobs/devops-engineer/in/dl/delhi-ncr"
"76 Devops Engineer Remote jobs in Greater Delhi Area (3 ...","N/A","Delhi India","Serper API","DevOps","2-4 years","https://in.linkedin.com/jobs/devops-engineer-remote-jobs-greater-delhi-area"
"Remote DevOps Engineer Jobs in India - Work From Home","N/A","Delhi India","Serper API","DevOps","2-4 years","https://www.careervault.io/remote/software/devops-engineer/india"
"Devops Engineer | Remote | 5-10 Yrs | 12-18 LPA","GoodspaceAI","Delhi India","Serper API","DevOps","2-4 years","https://goodspace.ai/jobs/devops-engineer-remote?id=28177"
"DevOps Engineer jobs in Delhi","N/A","Delhi India","Serper API","DevOps","2-4 years","https://www.devjobsscanner.com/devops-engineer-jobs-in-delhi/"
"Flexible Remote Mern Stack Developer Jobs","N/A","Remote USA","Serper API","MERN","2-4 years","https://www.indeed.com/q-remote-mern-stack-developer-jobs.html"
"9 Mern Stack Remote jobs in United States (1 new)","N/A","Remote USA","Serper API","MERN","2-4 years","https://www.linkedin.com/jobs/mern-stack-remote-jobs"
"Remote Mern Stack Jobs (NOW HIRING)","N/A","Remote USA","Serper API","MERN","2-4 years","https://www.ziprecruiter.com/Jobs/Remote-Mern-Stack"
"Mern Stack Developer (remote) Jobs in United States","N/A","Remote USA","Serper API","MERN","2-4 years","https://jobright.ai/jobs/mern-stack-developer-(remote)-jobs-in-united-states"
"Mern Stack jobs in Remote","N/A","Remote USA","Serper API","MERN","2-4 years","https://www.indeed.com/q-mern-stack-l-remote-jobs.html"
"21 Mern stack developer jobs in United States","N/A","Remote USA","Serper API","MERN","2-4 years","https://www.glassdoor.com/Job/mern-stack-developer-jobs-SRCH_KO0,20.htm"
"mern stack developer jobs","N/A","Remote USA","Serper API","MERN","2-4 years","https://www.dice.com/jobs/q-mern+stack+developer-jobs"
"Remote Full-Stack Programming Jobs","N/A","Remote USA","Serper API","MERN","2-4 years","https://weworkremotely.com/categories/remote-full-stack-programming-jobs"
"Frontend Developer - Sr MERN Stack Developer","N/A","Remote","Naukri.com","MERN","2-4 years","https://www.naukri.com/job-listings-frontend-developer-sr-mern-stack-developer-insignia-consultancy-solutions-remote-4-to-7-years-050824500742"
"Mean / Mern Stack Developer","N/A","Remote","Naukri.com","MERN","2-4 years","https://www.naukri.com/job-listings-mean-mern-stack-developer-voizac-technologies-remote-5-to-10-years-150125503319"
"Full-stack MERN Stack Developer","N/A","Remote","Naukri.com","MERN","2-4 years","https://www.naukri.com/job-listings-full-stack-mern-stack-developer-alphaa-ai-remote-1-to-6-years-100125503165"
"Full Stack Developer ( MERN / MEAN )","N/A","Remote","Naukri.com","MERN","2-4 years","https://www.naukri.com/job-listings-full-stack-developer-mern-mean-celestial-software-services-llp-remote-1-to-3-years-150724501350"
"Full Stack Developer - MEAN/MERN","N/A","Remote","Naukri.com","MERN","2-4 years","https://www.naukri.com/job-listings-full-stack-developer-mean-mern-byndr-remote-2-to-4-years-110123500649"
"MERN Stack Developer Intern","N/A","Remote","Naukri.com","MERN","2-4 years","https://www.naukri.com/job-listings-mern-stack-developer-intern-hubnex-remote-0-to-1-years-171125502556"
"MERN Full Stack Developer","N/A","Remote","Naukri.com","MERN","2-4 years","https://www.naukri.com/job-listings-mern-full-stack-developer-jagruti-rehabilitation-center-remote-2-to-5-years-030925500243"
"Senior Full-Stack Developer (MERN Stack)","N/A","Remote","Naukri.com","MERN","2-4 years","https://www.naukri.com/job-listings-senior-full-stack-developer-mern-stack-squarepeg-hires-remote-5-to-10-years-011025503812"
"Flexible Remote Node Js Developer Jobs","N/A","Remote USA","Serper API","Node.js","2-4 years","https://www.indeed.com/q-remote-node-js-developer-jobs.html"
"4000+ Remote Node Js jobs in United States (316 new)","N/A","Remote USA","Serper API","Node.js","2-4 years","https://www.linkedin.com/jobs/remote-node-js-jobs"
"Remote Node Js Developer Jobs (NOW HIRING)","N/A","Remote USA","Serper API","Node.js","2-4 years","https://www.ziprecruiter.com/Jobs/Remote-Node-Js-Developer"
"377 Node js developer remote jobs in United States","N/A","Remote USA","Serper API","Node.js","2-4 years","https://www.glassdoor.com/Job/node-js-developer-remote-jobs-SRCH_KO0,24.htm"
"Remote Node.js Jobs","N/A","Remote USA","Serper API","Node.js","2-4 years","https://rubyonremote.com/remote-node-js-jobs/"
"remote node js developer jobs","N/A","Remote USA","Serper API","Node.js","2-4 years","https://www.dice.com/jobs/q-remote+node+js+developer-jobs"
"Remote React/Node Developer Jobs at Top U.S. Companies","N/A","Remote USA","Serper API","Node.js","2-4 years","https://www.turing.com/jobs/remote-react-node-jobs"
"Remote Node. js Jobs – Apply Now","N/A","Remote USA","Serper API","Node.js","2-4 years","https://www.remoterocketship.com/jobs/node-js/"
"NODE . JS Developer","N/A","Remote","Naukri.com","Node.js","2-4 years","https://www.naukri.com/job-listings-node-js-developer-epic-software-solution-remote-6-to-7-years-030425502545"
"Node.js Developer (3D Graphics) (Remote)","N/A","Remote","Naukri.com","Node.js","2-4 years","https://www.naukri.com/job-listings-node-js-developer-3d-graphics-remote-remotestar-remote-5-to-9-years-210825504222"
"Remote MLOps Consultant","N/A","Remote","Naukri.com","Node.js","2-4 years","https://www.naukri.com/job-listings-remote-mlops-consultant-scopic-software-remote-2-to-7-years-270325503729"
"Full Stack Developer - Node js React js PHP","N/A","Remote","Naukri.com","Node.js","2-4 years","https://www.naukri.com/job-listings-full-stack-developer-node-js-react-js-php-innovin-it-solutions-pvt-ltd-remote-3-to-7-years-040925503071"
"Senior Fullstack Developer (Node.js and React.js)","N/A","Remote","Naukri.com","Node.js","2-4 years","https://www.naukri.com/job-listings-senior-fullstack-developer-node-js-and-react-js-infraveo-technologies-remote-3-to-7-years-290525504871"
"Backend Developer (Node.js, Ether.js)","N/A","Remote","Naukri.com","Node.js","2-4 years","https://www.naukri.com/job-listings-backend-developer-node-js-ether-js-sheesha-finance-remote-3-to-4-years-290323502203"
"Remote Full-stack MEAN/MERN Developer Jobs","Turing Jobs","Remote USA","Serper API","Fullstack MERN","2-4 years","https://www.turing.com/jobs/remote-full-stack-mean-mern-developer"
"Remote Full-Stack Developer Jobs","N/A","Remote USA","Serper API","Fullstack MERN","2-4 years","https://remotebase.com/jobs/full-stack-developer-jobs"
"Devops Engineer jobs in Remote","N/A","Remote USA","Serper API","DevOps","2-4 years","https://www.indeed.com/q-devops-engineer-l-remote-jobs.html"
"2000+ Remote Devops Engineer jobs in United States","N/A","Remote USA","Serper API","DevOps","2-4 years","https://www.linkedin.com/jobs/remote-devops-engineer-jobs"
"$50-$93/hr Remote Devops Jobs (NOW HIRING) Dec 2025","N/A","Remote USA","Serper API","DevOps","2-4 years","https://www.ziprecruiter.com/Jobs/Remote-Devops"
"DevOps Engineer - Remote in Reston, Virginia, United ...","N/A","Remote USA","Serper API","DevOps","2-4 years","https://careers.icf.com/us/en/job/R2502481/DevOps-Engineer-Remote"
"Remote DevOps Engineer Jobs","Crossover","Remote USA","Serper API","DevOps","2-4 years","https://www.crossover.com/jobs/devops-engineer"
"remote devops jobs | Dice.com","N/A","Remote USA","Serper API","DevOps","2-4 years","https://www.dice.com/jobs/q-remote+devops-jobs"
"Remote DevOps Jobs – Apply Now","N/A","Remote USA","Serper API","DevOps","2-4 years","https://www.remoterocketship.com/jobs/devops/"
"398 devops engineer Jobs in Remote, December 2025","N/A","Remote USA","Serper API","DevOps","2-4 years","https://www.glassdoor.com/Job/remote-devops-engineer-jobs-SRCH_IL.0,6_IS11047_KO7,22.htm"
"Best Remote DevOps Jobs 2025","N/A","Remote USA","Serper API","DevOps","2-4 years","https://builtin.com/jobs/remote/dev-engineering/devops"
"160+ New Remote DevOps Engineer Jobs","Turing for the latest remote DevOps jobs at top US companies","Remote USA","Serper API","DevOps","2-4 years","https://www.turing.com/jobs/remote-devops-jobs"
"Remote Node Js Developer jobs","N/A","Remote United States","Serper API","Node.js","2-4 years","https://www.dice.com/jobs/q-Remote+Node+Js+Developer+-jobs"
"Remote Node.JS Jobs","N/A","Remote United States","Serper API","Node.js","2-4 years","https://jsjobbs.com/jobs/remote-nodejs-jobs"
"Remote Node.js Developer Jobs | Earn in USD","Turing Jobs","Remote United States","Serper API","Node.js","2-4 years","https://www.turing.com/jobs/remote-node-js-developer"
"Full Stack (mern) Developer Jobs in United States","N/A","Remote United States","Serper API","Fullstack MERN","2-4 years","https://jobright.ai/jobs/full-stack-(mern)-developer-jobs-in-united-states"
"435 Remote devops engineer jobs in United States","N/A","Remote United States","Serper API","DevOps","2-4 years","https://www.glassdoor.com/Job/remote-devops-engineer-jobs-SRCH_KO0,22.htm"
"Remote Devops Engineer Jobs in 2026","N/A","Remote United States","Serper API","DevOps","2-4 years","https://wellfound.com/role/r/devops-engineer"
"Remote DevOps Engineer Jobs - Work From Home","N/A","Remote United States","Serper API","DevOps","2-4 years","https://jobgether.com/remote-jobs/dev-ops-engineer"
"Remote Junior Mern Stack Developer in San Francisco, CA","N/A","Remote San Francisco","Serper API","MERN","2-4 years","https://www.ziprecruiter.com/Jobs/Remote-Junior-Mern-Stack-Developer/-in-San-Francisco,CA"
"Flexible Remote Mern Stack Jobs","N/A","Remote San Francisco","Serper API","MERN","2-4 years","https://www.indeed.com/q-remote-mern-stack-jobs.html"
"167 Remote Full Stack Developer jobs in San Francisco, ...","N/A","Remote San Francisco","Serper API","MERN","2-4 years","https://www.linkedin.com/jobs/remote-full-stack-developer-jobs-san-francisco-ca"
"Mern Stack Developer Jobs, Employment in California","N/A","Remote San Francisco","Serper API","MERN","2-4 years","https://www.indeed.com/q-Mern-Stack-Developer-l-California-jobs.html"
"88 Full stack remote developer jobs in San Francisco, CA","N/A","Remote San Francisco","Serper API","MERN","2-4 years","https://www.glassdoor.com/Job/san-francisco-ca-full-stack-remote-developer-jobs-SRCH_IL.0,16_IC1147401_KO17,44.htm"
"Entry Level Mern Stack Developer Jobs in San Francisco, CA","N/A","Remote San Francisco","Serper API","MERN","2-4 years","https://www.ziprecruiter.com/Jobs/Entry-Level-Mern-Stack-Developer/-in-San-Francisco,CA"
"223 Remote Node Js jobs in San Francisco, California, ...","N/A","Remote San Francisco","Serper API","Node.js","2-4 years","https://www.linkedin.com/jobs/remote-node-js-jobs-san-francisco-ca"
"Remote Node Js Developer Jobs in San Francisco, CA","N/A","Remote San Francisco","Serper API","Node.js","2-4 years","https://www.ziprecruiter.com/Jobs/Remote-Node-Js-Developer/-in-San-Francisco,CA"
"Node Js Developer jobs in San Francisco, Ca","N/A","Remote San Francisco","Serper API","Node.js","2-4 years","https://www.indeed.com/q-node-js-developer-l-san-francisco,-ca-jobs.html"
"Top Remote Javascript Jobs in San Francisco Bay Area, CA","N/A","Remote San Francisco","Serper API","Node.js","2-4 years","https://www.builtinsf.com/jobs/remote/dev-engineering/javascript"
"Remote Node.js Developer Jobs in San Francisco","Remote Node","Remote San Francisco","Serper API","Node.js","2-4 years","https://jobgether.com/remote-jobs/san-francisco/node-js-developer"
"Node Js jobs in San Francisco","N/A","Remote San Francisco","Serper API","Node.js","2-4 years","https://www.devjobsscanner.com/node-js-jobs-in-san-francisco/"
"node js developer jobs in san francisco, ca","N/A","Remote San Francisco","Serper API","Node.js","2-4 years","https://www.dice.com/jobs/q-node+js+developer-l-san+francisco%2C+ca-jobs"
"Hire Node.js Developers in 4 Days Near San Francisco","N/A","Remote San Francisco","Serper API","Node.js","2-4 years","https://www.turing.com/hire/node-js-developers/san-francisco"
"88 Nodejs developer jobs in San Francisco, CA","N/A","Remote San Francisco","Serper API","Node.js","2-4 years","https://www.glassdoor.com/Job/san-francisco-ca-nodejs-developer-jobs-SRCH_IL.0,16_IC1147401_KO17,33.htm"
"Senior Software Engineer, Full Stack (Node.js, React.js ...","N/A","Remote San Francisco","Serper API","Node.js","2-4 years","https://www.capitalonecareers.com/job/san-francisco/senior-software-engineer-full-stack-node-js-react-js-next-js/1732/88277735136"
"Top Full-Stack Engineer Jobs in San Francisco, CA","N/A","Remote San Francisco","Serper API","Fullstack MERN","2-4 years","https://www.builtinsf.com/jobs/dev-engineering/search/full-stack-engineer"
"Full Stack Developer Jobs in San Francisco, CA - 2026","N/A","Remote San Francisco","Serper API","Fullstack MERN","2-4 years","https://wellfound.com/role/l/full-stack-developer/san-francisco"
"Full Stack Developer Jobs in San Francisco, CA","N/A","Remote San Francisco","Serper API","Fullstack MERN","2-4 years","https://jobright.ai/job-list/full-stack-developer-jobs-in-san-francisco-ca"
"161 Remote Devops Engineer jobs in San Francisco Bay ...","N/A","Remote San Francisco","Serper API","DevOps","2-4 years","https://www.linkedin.com/jobs/remote-devops-engineer-jobs-san-francisco-bay-area"
"Remote devops jobs in San Francisco, CA","N/A","Remote San Francisco","Serper API","DevOps","2-4 years","https://www.indeed.com/q-remote-devops-l-san-francisco,-ca-jobs.html"
"Top Remote DevOps Jobs in San Francisco Bay Area, CA","N/A","Remote San Francisco","Serper API","DevOps","2-4 years","https://www.builtinsf.com/jobs/remote/dev-engineering/devops"
"$59-$115/hr Remote Devops Jobs in San Francisco, CA","N/A","Remote San Francisco","Serper API","DevOps","2-4 years","https://www.ziprecruiter.com/Jobs/Remote-Devops/-in-San-Francisco,CA"
"10 Remote devops jobs in San Francisco, CA","N/A","Remote San Francisco","Serper API","DevOps","2-4 years","https://www.glassdoor.com/Job/remote-devops-jobs-SRCH_IC1147401_KO0,13.htm"
"60 Remote Devops Engineer jobs in San Francisco ...","N/A","Remote San Francisco","Serper API","DevOps","2-4 years","https://www.linkedin.com/jobs/remote-devops-engineer-jobs-san-francisco-ca"
"DevOps jobs in San Francisco","N/A","Remote San Francisco","Serper API","DevOps","2-4 years","https://startup.jobs/locations/san-francisco/devops"
"Devops Engineer Remote Jobs in San Francisco, CA","N/A","Remote San Francisco","Serper API","DevOps","2-4 years","https://www.ziprecruiter.com/Jobs/Devops-Engineer-Remote/-in-San-Francisco,CA"
"Remote Staff DevOps Engineer - Heartflow","Heartflow","Remote San Francisco","Serper API","DevOps","2-4 years","https://remoteok.com/remote-jobs/remote-staff-devops-engineer-heartflow-1129216"
"Devops Engineer jobs in San Francisco Bay Area, Ca","N/A","Remote San Francisco","Serper API","DevOps","2-4 years","https://www.indeed.com/q-devops-engineer-l-san-francisco-bay-area,-ca-jobs.html"
"Remote Mern Stack Developer in New York","N/A","Remote New York","Serper API","MERN","2-4 years","https://www.ziprecruiter.com/Jobs/Remote-Mern-Stack-Developer/--in-New-York"
"2 Mern Stack Developer jobs in New York","N/A","Remote New York","Serper API","MERN","2-4 years","https://www.linkedin.com/jobs/mern-stack-developer-jobs-new-york-ny"
"Remote Mern Stack Developer Jobs in New York City, NY","N/A","Remote New York","Serper API","MERN","2-4 years","https://www.ziprecruiter.com/Jobs/Remote-Mern-Stack-Developer/-in-New-York-City,NY"
"How to Hire MERN Stack Developers in New York - A Smith","N/A","Remote New York","Serper API","MERN","2-4 years","https://web-and-mobile-development.medium.com/how-to-hire-mern-stack-developers-in-new-york-a-complete-guide-e07eb6470b76"
"Remote Mern Full Stack Developer in New York City, NY","N/A","Remote New York","Serper API","MERN","2-4 years","https://www.ziprecruiter.com/Jobs/Remote-Mern-Full-Stack-Developer/-in-New-York-City,NY"
"Dedicated Developer (Remote)","N/A","Kolkata, Mumbai, New Delhi, Hyderabad, Pune, Chennai, Bengaluru","Naukri.com","MERN","2-4 years","https://www.naukri.com/job-listings-dedicated-developer-remote-goopit-kolkata-mumbai-new-delhi-hyderabad-pune-chennai-bengaluru-2-to-6-years-051124502530"
"$53-$105/hr Remote Nodejs Developer Jobs in New York","N/A","Remote New York","Serper API","Node.js","2-4 years","https://www.ziprecruiter.com/Jobs/Remote-Nodejs-Developer/--in-New-York"
"375 Remote Node Js jobs in New York City Metropolitan ...","N/A","Remote New York","Serper API","Node.js","2-4 years","https://www.linkedin.com/jobs/remote-node-js-jobs-new-york-city-metropolitan-area"
"Node Js Developer jobs in New York, Ny","N/A","Remote New York","Serper API","Node.js","2-4 years","https://www.indeed.com/q-node-js-developer-l-new-york,-ny-jobs.html"
"$53-$100/hr Remote Node Js Developer Jobs in New York","N/A","Remote New York","Serper API","Node.js","2-4 years","https://www.ziprecruiter.com/Jobs/Remote-Node-Js-Developer/--in-New-York"
"node.js jobs in new york, ny","N/A","Remote New York","Serper API","Node.js","2-4 years","https://www.dice.com/jobs/q-node.js-l-new+york%2C+ny-jobs"
"328 Remote Node Js jobs in New York","N/A","Remote New York","Serper API","Node.js","2-4 years","https://www.linkedin.com/jobs/remote-node-js-jobs-new-york-ny"
"Nodejs Developer Jobs, Employment in New York, NY","N/A","Remote New York","Serper API","Node.js","2-4 years","https://www.indeed.com/q-nodejs-developer-l-new-york,-ny-jobs.html"
"113 Node js developer jobs in New York, NY","N/A","Remote New York","Serper API","Node.js","2-4 years","https://www.glassdoor.com/Job/new-york-node-js-developer-jobs-SRCH_IL.0,8_IC1132348_KO9,26.htm"
"Best Javascript Jobs in NYC, NY 2025","N/A","Remote New York","Serper API","Node.js","2-4 years","https://www.builtinnyc.com/jobs/dev-engineering/javascript"
"Remote Node Js Jobs in New York (NOW HIRING)","N/A","Remote New York","Serper API","Node.js","2-4 years","https://www.ziprecruiter.com/Jobs/Remote-Node-Js/--in-New-York"
"NestJS Developer","N/A","Noida(Sector 135), New Delhi, Greater Noida","Naukri.com","Node.js","2-4 years","https://www.naukri.com/job-listings-nestjs-developer-sourceease-hr-services-noida-new-delhi-greater-noida-4-to-5-years-111125043439"
"Full Stack Developer React Js jobs in New York, Ny","N/A","Remote New York","Serper API","Fullstack MERN","2-4 years","https://www.indeed.com/q-full-stack-developer-react-js-l-new-york,-ny-jobs.html"
"MERN Stack Senior Developer - Trissential","N/A","Remote New York","Serper API","Fullstack MERN","2-4 years","https://www.linkedin.com/jobs/view/mern-stack-senior-developer-at-trissential-4325531350"
"Software Engineer (MERN Stack)","N/A","New Delhi","Naukri.com","Fullstack MERN","2-4 years","https://www.naukri.com/job-listings-software-engineer-mern-stack-infollion-research-services-new-delhi-2-to-5-years-081025501547"
"Remote devops jobs in New York, NY","N/A","Remote New York","Serper API","DevOps","2-4 years","https://www.indeed.com/q-remote-devops-l-new-york,-ny-jobs.html"
"1000+ Remote Devops jobs in New York City Metropolitan ...","N/A","Remote New York","Serper API","DevOps","2-4 years","https://www.linkedin.com/jobs/remote-devops-jobs-new-york-city-metropolitan-area"
"Best Remote DevOps Jobs in NYC, NY 2025","N/A","Remote New York","Serper API","DevOps","2-4 years","https://www.builtinnyc.com/jobs/remote/dev-engineering/devops"
"$55-$96/hr Devops Engineer Remote Jobs in New York","N/A","Remote New York","Serper API","DevOps","2-4 years","https://www.ziprecruiter.com/Jobs/Devops-Engineer-Remote/--in-New-York"
"DevOps Engineer Jobs in new-york,-remote","N/A","Remote New York","Serper API","DevOps","2-4 years","https://jobright.ai/jobs/devops-engineer-jobs-in-new-york%2C-remote"
"114 Devops Engineer Remote jobs in New York, United ...","N/A","Remote New York","Serper API","DevOps","2-4 years","https://www.linkedin.com/jobs/devops-engineer-remote-jobs-new-york"
"Devops engineer remote jobs in New York, NY","N/A","Remote New York","Serper API","DevOps","2-4 years","https://www.indeed.com/q-devops-engineer-remote-l-new-york,-ny-jobs.html"
"Remote Devops Jobs in New York (NOW HIRING)","N/A","Remote New York","Serper API","DevOps","2-4 years","https://www.ziprecruiter.com/Jobs/Remote-Devops/--in-New-York"
"11 remote devops Jobs in New York, NY, September 2025","N/A","Remote New York","Serper API","DevOps","2-4 years","https://www.glassdoor.com/Job/remote-devops-New-York-SRCH_KO0,13_IL.14,22_IC1132348.htm"
"DevOps jobs in New York","N/A","Remote New York","Serper API","DevOps","2-4 years","https://startup.jobs/locations/new-york/devops"
"MLOps Engineer","N/A","Pune, Bengaluru, Delhi / NCR","Naukri.com","DevOps","2-4 years","https://www.naukri.com/job-listings-mlops-engineer-tekpillar-pune-bengaluru-delhi-ncr-6-to-10-years-151225028781"
"Europe Full Stack jobs in Remote","N/A","Remote Europe","Serper API","MERN","2-4 years","https://www.indeed.com/q-europe-full-stack-l-remote-jobs.html"
"Remote Full-stack Developer Jobs in Europe – Apply Now","N/A","Remote Europe","Serper API","MERN","2-4 years","https://www.remoterocketship.com/country/europe/jobs/fullstack-developer/"
"Remote Senior Mern Stack Developer - aktek","AKTEK","Remote Europe","Serper API","MERN","2-4 years","https://remoteok.com/remote-jobs/98188-remote-senior-mern-stack-developer-aktek"
"Senior Fullstack Developer (MEAN or MERN) - Europe","N/A","Remote Europe","Serper API","MERN","2-4 years","https://careers.altar.io/jobs/6831813-senior-fullstack-developer-mean-or-mern-europe"
"Full Stack Engineer Jobs in Europe - 2026","N/A","Remote Europe","Serper API","MERN","2-4 years","https://wellfound.com/role/l/full-stack-engineer/europe"
"Jobgether - Senior Fullstack Developer (MEAN or MERN)","N/A","Remote Europe","Serper API","MERN","2-4 years","https://jobs.lever.co/jobgether/d7e62476-8969-4568-88ab-3991d623d5d5"
"9 Mern Stack jobs in United Kingdom","N/A","Remote Europe","Serper API","MERN","2-4 years","https://uk.linkedin.com/jobs/mern-stack-jobs"
"Flexible Node Js Developer Remote Europe Jobs","N/A","Remote Europe","Serper API","Node.js","2-4 years","https://www.indeed.com/q-node-js-developer-remote-europe-jobs.html"
"Remote Node.js Jobs In Europe","N/A","Remote Europe","Serper API","Node.js","2-4 years","https://rubyonremote.com/remote-node-js-jobs-in-europe/"
"Node Js Developer Remote Europe Jobs (NOW HIRING)","N/A","Remote Europe","Serper API","Node.js","2-4 years","https://www.ziprecruiter.com/Jobs/Node-Js-Developer-Remote-Europe"
"89 node js developer Jobs in Berlin, December 2025","N/A","Remote Europe","Serper API","Node.js","2-4 years","https://www.glassdoor.com/Job/berlin-node-js-developer-jobs-SRCH_IL.0,6_IC2622109_KO7,24.htm"
"710 Remote Node.js jobs in United Kingdom (55 new)","N/A","Remote Europe","Serper API","Node.js","2-4 years","https://uk.linkedin.com/jobs/remote-node.js-jobs"
"Remote Node.js Developer Jobs in Europe","N/A","Remote Europe","Serper API","Node.js","2-4 years","https://jobgether.com/remote-jobs/europe/node-js-developer"
"Node.js Developer (Remote in Europe) at Cloudtalk","Cloudtalk","Remote Europe","Serper API","Node.js","2-4 years","https://startup.jobs/nodejs-developer-remote-in-europe-cloudtalk-4284581"
"Remote Jobs node.js","N/A","Remote Europe","Serper API","Node.js","2-4 years","https://euremotejobs.com/job-tag/node-js/"
"102 Relocation Full Stack Developer jobs in Germany","N/A","Remote Europe","Serper API","Fullstack MERN","2-4 years","https://www.linkedin.com/jobs/search/?currentJobId=1457642117&geoId=101282230&keywords=relocation%20full%20stack%20developer&location=Germany"
"How can i secure remote/onsite job from Europe or USA? ...","N/A","Remote Europe","Serper API","Fullstack MERN","2-4 years","https://www.reddit.com/r/developersIndia/comments/1mmoqf2/how_can_i_secure_remoteonsite_job_from_europe_or/"
"Europe Devops jobs in Remote","N/A","Remote Europe","Serper API","DevOps","2-4 years","https://www.indeed.com/q-europe-devops-l-remote-jobs.html"
"2000+ Remote Devops Engineer jobs in European Union ...","N/A","Remote Europe","Serper API","DevOps","2-4 years","https://www.linkedin.com/jobs/remote-devops-engineer-jobs-european-union"
"Remote DevOps Jobs in Europe (EU) | DevOpsProjectsHQ","N/A","Remote Europe","Serper API","DevOps","2-4 years","https://devopsprojectshq.com/role/remote-devops-eu/"
"Devops Engineer Jobs in Europe - 2026","N/A","Remote Europe","Serper API","DevOps","2-4 years","https://wellfound.com/role/l/devops-engineer/europe"
"Remote DevOps/SysAdmin Jobs in Europe","N/A","Remote Europe","Serper API","DevOps","2-4 years","https://remoteineurope.com/categories/devops-sysadmin"
"Remote 4 Day Work Week Devops Engineer Jobs","N/A","Remote Europe","Serper API","DevOps","2-4 years","https://4dayweek.io/remote-jobs/devops-engineer"
"Remote Devops Job Vacancies Europe","N/A","Remote Europe","Serper API","DevOps","2-4 years","https://www.totaljobs.com/jobs/remote-devops/in-europe"
"Remote Devops Engineer Jobs in Spain","N/A","Remote Europe","Serper API","DevOps","2-4 years","https://jobs.workable.com/search/spain/remote-devops-engineer-jobs"
"70 europe devops Jobs in Remote, August 2025","N/A","Remote Europe","Serper API","DevOps","2-4 years","https://www.glassdoor.com/Job/remote-europe-devops-jobs-SRCH_IL.0,6_IS11047_KO7,20.htm"
"8 of 8 MERN Stack Jobs in the UK","N/A","Remote UK","Serper API","MERN","2-4 years","https://www.itjobswatch.co.uk/find/MERN-Stack-jobs-in-UK"
"5 Mern stack developer jobs in United Kingdom","N/A","Remote UK","Serper API","MERN","2-4 years","https://www.glassdoor.co.uk/Job/us-mern-stack-developer-jobs-SRCH_IL.0,2_KO3,23.htm"
"Mernstack Developer Part Time Jobs in Uk | Work from Home","N/A","Remote UK","Serper API","MERN","2-4 years","https://www.technomaster.co.uk/job-vacancies/mernstack-developer-jobs-in-online-work-from-home-part-time"
"full stack developer (remote) jobs in london","N/A","Remote UK","Serper API","MERN","2-4 years","https://www.simplyhired.co.uk/search?q=full-stack+developer+%28remote%29&l=london"
"Remote Mern Stack Developer Jobs (NOW HIRING)","N/A","Remote UK","Serper API","MERN","2-4 years","https://www.ziprecruiter.com/Jobs/Remote-Mern-Stack-Developer"
"Mern Stack Jobs, Work (with Salaries)","N/A","Remote UK","Serper API","MERN","2-4 years","https://uk.indeed.com/q-mern-stack-jobs.html"
"Flexible Remote Node Js Jobs","N/A","Remote UK","Serper API","Node.js","2-4 years","https://uk.indeed.com/q-remote-node-js-jobs.html"
"102 Node js developer remote jobs in United Kingdom","N/A","Remote UK","Serper API","Node.js","2-4 years","https://www.glassdoor.co.uk/Job/node-js-developer-remote-jobs-SRCH_KO0,24.htm"
"12 remote NodeJS Developer jobs","N/A","Remote UK","Serper API","Node.js","2-4 years","https://devitjobs.uk/jobs/NodeJS/remote"
"Node.js Developer Jobs in the UK","N/A","Remote UK","Serper API","Node.js","2-4 years","https://www.itjobswatch.co.uk/find/Nodejs-Developer-jobs-in-UK"
"20 Best remote node js jobs in england (Hiring Now!)","N/A","Remote UK","Serper API","Node.js","2-4 years","https://www.simplyhired.co.uk/search?q=remote+node+js&l=england"
"Remote Node. js Jobs in the United Kingdom – Apply Now","N/A","Remote UK","Serper API","Node.js","2-4 years","https://www.remoterocketship.com/gb/jobs/node-js/"
"Flexible Full Remote Node Js Developer Jobs","N/A","Remote UK","Serper API","Node.js","2-4 years","https://uk.indeed.com/q-full-remote-node-js-developer-jobs.html"
"Contract Nodejs Jobs, Careers & Recruitment.","N/A","Remote UK","Serper API","Node.js","2-4 years","https://www.cwjobs.co.uk/jobs/contract/nodejs"
"Flexible Full Stack Developer Remote Jobs","N/A","Remote UK","Serper API","Fullstack MERN","2-4 years","https://uk.indeed.com/q-full-stack-developer-remote-jobs.html"
"Best Full Stack Developer Jobs in London 2025","N/A","Remote UK","Serper API","Fullstack MERN","2-4 years","https://builtinlondon.uk/jobs/dev-engineering/search/full-stack-developer"
"Remote Full-Stack Developer Jobs in the UK","N/A","Remote UK","Serper API","Fullstack MERN","2-4 years","https://www.crossover.com/jobs/full-stack-developer/gb"
"621 Remote Full Stack Developer jobs in United Kingdom ...","N/A","Remote UK","Serper API","Fullstack MERN","2-4 years","https://uk.linkedin.com/jobs/remote-full-stack-developer-jobs"
"Flexible Devops Remote Jobs","N/A","Remote UK","Serper API","DevOps","2-4 years","https://uk.indeed.com/q-devops-remote-jobs.html"
"382 Remote Devops Engineer jobs in United Kingdom","N/A","Remote UK","Serper API","DevOps","2-4 years","https://uk.linkedin.com/jobs/remote-devops-engineer-jobs"
"550 Remote devops jobs in United Kingdom","N/A","Remote UK","Serper API","DevOps","2-4 years","https://www.glassdoor.co.uk/Job/remote-devops-jobs-SRCH_KO0,13.htm"
"Remote DevOps Engineer Jobs in the UK","N/A","Remote UK","Serper API","DevOps","2-4 years","https://www.crossover.com/jobs/devops-engineer/gb"
"Devops jobs in Remote","N/A","Remote UK","Serper API","DevOps","2-4 years","https://uk.indeed.com/q-devops-l-remote-jobs.html"
"Remote Devops Jobs, Careers & Recruitment","N/A","Remote UK","Serper API","DevOps","2-4 years","https://www.cwjobs.co.uk/jobs/remote-devops"
"Remote Devops Job Vacancies London","N/A","Remote UK","Serper API","DevOps","2-4 years","https://www.totaljobs.com/jobs/remote-devops/in-london"
"devops engineer (remote) jobs in england","N/A","Remote UK","Serper API","DevOps","2-4 years","https://www.simplyhired.co.uk/search?q=devops+engineer+%28remote%29&l=england"
"Remote Devops Jobs in United Kingdom","N/A","Remote UK","Serper API","DevOps","2-4 years","https://jobs.workable.com/search/united-kingdom/remote-devops-jobs"
"Senior DevOps Engineer, Up to £85k (Fully Remote)","Manchester Digital Easily apply on the largest job board for Gen","Remote UK","Serper API","DevOps","2-4 years","https://talents.studysmarter.co.uk/companies/manchester-digital/senior-devops-engineer-up-to-85k-fully-remote-6317099/"
"DevOps Engineer (Terragrunt & Python)","N/A","Remote","Naukri.com","DevOps","2-4 years","https://www.naukri.com/job-listings-devops-engineer-terragrunt-python-9nexus-london-6-to-11-years-151225009183"
"500 full stack developer Jobs in Germany, December 2025","N/A","Remote Germany","Serper API","MERN","2-4 years","https://www.glassdoor.com/Job/germany-full-stack-developer-jobs-SRCH_IL.0,7_IN96_KO8,28.htm"
"Full Stack Developer Germany Jobs, Employment","N/A","Remote Germany","Serper API","MERN","2-4 years","https://www.indeed.com/q-full-stack-developer-germany-jobs.html"
"Full Stack Engineer Jobs in Germany - 2026","N/A","Remote Germany","Serper API","MERN","2-4 years","https://wellfound.com/role/l/full-stack-engineer/germany"
"Best remote Full Stack Web Engineer employees for hire in ...","N/A","Remote Germany","Serper API","MERN","2-4 years","https://himalayas.app/talent/countries/germany/full-stack-web-engineer?page=2"
"Remote MERN Stack Jobs - Work From Home","MERN Stack","Remote Germany","Serper API","MERN","2-4 years","https://jobgether.com/remote-jobs/mern-stack"
"Senior React/Node.js (MERN) Full-Stack Developer with ...","N/A","Remote Germany","Serper API","MERN","2-4 years","https://headhunter.digital/job/fullstack-web-developer-entwickler-react-nodejs-mongodb-international-frankfurt/"
"100+ Remote Node.js Jobs In Germany","N/A","Remote Germany","Serper API","Node.js","2-4 years","https://rubyonremote.com/remote-node-js-jobs-in-germany/"
"remote NodeJS Developer jobs","N/A","Remote Germany","Serper API","Node.js","2-4 years","https://germantechjobs.de/en/jobs/NodeJS/remote"
"12 Fully Remote Jobs in Germany Matching "node.js ...","N/A","Remote Germany","Serper API","Node.js","2-4 years","https://meetfrank.com/fully-remote-nodejs-development-jobs-in-germany"
"352 node js developer Jobs in Germany, December 2025","N/A","Remote Germany","Serper API","Node.js","2-4 years","https://www.glassdoor.com/Job/germany-node-js-developer-jobs-SRCH_IL.0,7_IN96_KO8,25.htm"
"Nodejs jobs in Germany","N/A","Remote Germany","Serper API","Node.js","2-4 years","https://www.devjobsscanner.com/nodejs-jobs-in-germany/"
"183 Fullstack Developer Node Js jobs in Berlin, ...","N/A","Remote Germany","Serper API","Node.js","2-4 years","https://ee.linkedin.com/jobs/fullstack-developer-node-js-jobs-berlin-be?countryRedirected=1"
"Remote NodeJS Jobs in Germany - Himalayas.app","N/A","Remote Germany","Serper API","Node.js","2-4 years","https://himalayas.app/jobs/countries/germany/nodejs"
"Remote Node.js Developer Jobs in Germany","N/A","Remote Germany","Serper API","Node.js","2-4 years","https://jobgether.com/remote-jobs/germany/node-js-developer"
"Node Js Germany Jobs, Employment","N/A","Remote Germany","Serper API","Node.js","2-4 years","https://www.indeed.com/q-node-js-germany-jobs.html"
"Node.js Jobs in Germany","N/A","Remote Germany","Serper API","Node.js","2-4 years","https://en.devjobs.de/jobs/node-js"
"remote Fullstack Developer jobs in Germany","N/A","Remote Germany","Serper API","Fullstack MERN","2-4 years","https://germantechjobs.de/en/jobs/Fullstack/remote"
"71 Remote, Hybrid & Onsite Jobs in Germany Matching " ...","N/A","Remote Germany","Serper API","Fullstack MERN","2-4 years","https://meetfrank.com/?category=OPENINGS_LATEST&places%5B0%5D%5BcountryShortName%5D=DE&places%5B0%5D%5Bid%5D=5a08cc4b1b7ce3b929d41294&places%5B0%5D%5Bname%5D=Germany&places%5B0%5D%5Btype%5D=COUNTRY&places%5B1%5D%5Bid%5D=remote&places%5B1%5D%5Bname%5D=Remote&places%5B1%5D%5Btype%5D=REMOTE&searchPattern=developer%20intern"
"Germany devops jobs in Remote","N/A","Remote Germany","Serper API","DevOps","2-4 years","https://www.indeed.com/q-germany-devops-l-remote-jobs.html"
"2000+ DevOps Engineer jobs in Germany (135 new)","N/A","Remote Germany","Serper API","DevOps","2-4 years","https://www.linkedin.com/jobs/search?keywords=DevOps+Engineer&geoId=101282230&trk=d_flagship3_salary_explorer"
"18 remote DevOps Engineer jobs","N/A","Remote Germany","Serper API","DevOps","2-4 years","https://germantechjobs.de/en/jobs/DevOps/remote"
"Senior DevOps Engineer (Full Remote - Germany) at EverAI","N/A","Remote Germany","Serper API","DevOps","2-4 years","https://wearedistributed.org/job/senior-devops-engineer-full-remote---germany"
"Senior DevOps Engineer (Remote from Germany)","N/A","Remote Germany","Serper API","DevOps","2-4 years","https://jobs.lever.co/jobgether/9e9cd8be-5447-460a-baa1-e0f9cd7bfa46"
"DevOps Engineer (m/w/d) - Remote at Swissitgermany","Swiss IT Security Group","Remote Germany","Serper API","DevOps","2-4 years","https://devopsprojectshq.com/swissitgermany-devops-engineer-mwd-remote/"
"5 germany devops Jobs in Remote, September 2025","N/A","Remote Germany","Serper API","DevOps","2-4 years","https://www.glassdoor.com/Job/germany-devops-Remote-SRCH_KO0,14_IL.15,21_IS11047.htm"
"DevOps Jobs in Germany - December 2025","N/A","Remote Germany","Serper API","DevOps","2-4 years","https://www.arbeitnow.com/jobs/devops"
"DevOps jobs","N/A","Remote Germany","Serper API","DevOps","2-4 years","https://www.datacareer.de/categories/devops/"
"Remote DevOps Jobs In Germany","N/A","Remote Germany","Serper API","DevOps","2-4 years","https://rubyonremote.com/remote-devops-jobs-in-germany/"
"431 Full stack developer jobs in Netherlands","N/A","Remote Netherlands","Serper API","MERN","2-4 years","https://www.glassdoor.com/Job/netherlands-full-stack-developer-jobs-SRCH_IL.0,11_IN178_KO12,32.htm"
"Full Stack Developer in Netherlands","N/A","Remote Netherlands","Serper API","MERN","2-4 years","https://technosoftwares.com/developers/full-stack-developer-in-netherlands/"
"Hire MERN Stack Developers","N/A","Remote Netherlands","Serper API","MERN","2-4 years","https://www.zealousys.com/hire-mern-stack-developers/"
"4000+ Fullstack Software Engineer jobs in Netherlands ...","N/A","Remote Netherlands","Serper API","MERN","2-4 years","https://www.linkedin.com/jobs/fullstack-software-engineer-jobs?originalSubdomain=nl"
"Full Stack (MERN) Developer at Under Reality | Netherlands","Under Reality HeadQuarters in Amsterdam","Remote Netherlands","Serper API","MERN","2-4 years","https://www.cryptojobs.com/job/full-stack-mern-developer-10445"
"17 Fully Remote Jobs in Netherlands Matching "Full Stack ...","N/A","Remote Netherlands","Serper API","MERN","2-4 years","https://meetfrank.com/fully-remote-jobs-in-amsterdam-and-netherlands-and-holland-matching-full-stack-developer"
"Remote Jobs Netherlands","N/A","Remote Netherlands","Serper API","MERN","2-4 years","https://www.workingnomads.com/remote-netherlands-jobs"
"100+ Remote Node.js Jobs In Netherlands","N/A","Remote Netherlands","Serper API","Node.js","2-4 years","https://rubyonremote.com/remote-node-js-jobs-in-netherlands/"
"11 Fully Remote Jobs in Netherlands Matching "Node.js ...","N/A","Remote Netherlands","Serper API","Node.js","2-4 years","https://meetfrank.com/remote-nodejs-development-jobs-in-netherlands"
"Node Web3 Jobs in Netherlands","N/A","Remote Netherlands","Serper API","Node.js","2-4 years","https://web3.career/web3-jobs-netherlands+node"
"286 Nodejs Developer jobs in Amsterdam Area (15 new)","N/A","Remote Netherlands","Serper API","Node.js","2-4 years","https://www.linkedin.com/jobs/nodejs-developer-jobs-amsterdam-07?trk=guest_job_details_jd_jserp_more_jobs_link"
"Full-stack Node.js Developer at Luscii","Luscii","Remote Netherlands","Serper API","Node.js","2-4 years","https://www.remoterocketship.com/company/luscii/jobs/full-stack-node-js-developer-netherlands-remote/"
"JavaScript Jobs in Netherlands","N/A","Remote Netherlands","Serper API","Node.js","2-4 years","https://jsjobbs.com/jobs/netherlands"
"Remote NodeJS Jobs in Netherlands - Himalayas.app","N/A","Remote Netherlands","Serper API","Node.js","2-4 years","https://himalayas.app/jobs/countries/netherlands/nodejs?page=3"
"Node js software netherlands visa sponsorship jobs","N/A","Remote Netherlands","Serper API","Node.js","2-4 years","https://www.indeed.com/q-node-js-software-netherlands-visa-sponsorship-jobs.html"
"Full-Stack JavaScriptDeveloper","N/A","Remote Netherlands","Serper API","Node.js","2-4 years","https://www.remoteplatz.com/jobs/38"
"Remote Developer Jobs from Netherlands","N/A","Remote Netherlands","Serper API","Node.js","2-4 years","https://www.wearedevelopers.com/en/jobs/l/remote/netherlands"
"19 full stack developer Jobs in Netherlands, December 2025","N/A","Remote Netherlands","Serper API","Fullstack MERN","2-4 years","https://www.glassdoor.com/Job/work-from-home-netherlands-full-stack-developer-jobs-SRCH_FW0,14_IL.15,26_IN178_KO27,47.htm"
"37 Fully Remote Jobs in Netherlands Matching "Software ...","N/A","Remote Netherlands","Serper API","Fullstack MERN","2-4 years","https://meetfrank.com/?category=FULLY_REMOTE&places%5B0%5D%5BcountryShortName%5D=NL&places%5B0%5D%5Bid%5D=5a08cc7e1b7ce3b929d412b1&places%5B0%5D%5Bname%5D=Netherlands&places%5B0%5D%5Btype%5D=COUNTRY&searchPattern=software%20developer"
"Netherlands Developer jobs in Remote","N/A","Remote Netherlands","Serper API","Fullstack MERN","2-4 years","https://www.indeed.com/q-netherlands-developer-l-remote-jobs.html"
"Remote Full-stack Engineer Jobs in Netherlands","N/A","Remote Netherlands","Serper API","Fullstack MERN","2-4 years","https://www.remoterocketship.com/country/netherlands/jobs/fullstack-engineer/"
"Remote Full Stack Developer Jobs in Netherlands | Himalayas","N/A","Remote Netherlands","Serper API","Fullstack MERN","2-4 years","https://himalayas.app/jobs/countries/netherlands/full-stack-developer"
"Remote Full Stack Engineer, Netherlands","N/A","Remote Netherlands","Serper API","Fullstack MERN","2-4 years","https://www.remotefront.com/remote-jobs/doit-full-stack-engineer-netherlands-vf4qx"
"Full Stack Web3 Jobs in Netherlands","N/A","Remote Netherlands","Serper API","Fullstack MERN","2-4 years","https://web3.career/web3-jobs-netherlands+full-stack"
"Remote DevOps Jobs in Netherlands – Apply Now","N/A","Remote Netherlands","Serper API","DevOps","2-4 years","https://www.remoterocketship.com/country/netherlands/jobs/devops/"
"835 DevOps Engineer jobs in Netherlands (43 new)","N/A","Remote Netherlands","Serper API","DevOps","2-4 years","https://www.linkedin.com/jobs/search?keywords=DevOps+Engineer&geoId=102890719&trk=d_flagship3_salary_explorer"
"31 Fully Remote Jobs in Netherlands Matching "Devops"","N/A","Remote Netherlands","Serper API","DevOps","2-4 years","https://meetfrank.com/?category=FULLY_REMOTE&places%5B0%5D%5BcountryShortName%5D=NL&places%5B0%5D%5Bid%5D=5a08cc7e1b7ce3b929d412b1&places%5B0%5D%5Bname%5D=Netherlands&places%5B0%5D%5Btype%5D=COUNTRY&searchPattern=devops"
"Senior DevOps Engineer (Full Remote - Netherlands)","N/A","Remote Netherlands","Serper API","DevOps","2-4 years","https://wearedistributed.org/job/senior-devops-engineer-full-remote---netherlands"
"Remote DevOps Jobs In Netherlands","N/A","Remote Netherlands","Serper API","DevOps","2-4 years","https://rubyonremote.com/remote-devops-jobs-in-netherlands/"
"remote DevOps Engineer jobs in the Netherlands","N/A","Remote Netherlands","Serper API","DevOps","2-4 years","https://devitjobs.nl/en/jobs/DevOps/remote"
"Senior DevOps Engineer (Full Remote - Netherlands) - EverAI","N/A","Remote Netherlands","Serper API","DevOps","2-4 years","https://hello.cv/jobs/share/389144950415847424"
"Remote Devops Engineer Jobs in Netherlands","Social Discovery Group","Remote Netherlands","Serper API","DevOps","2-4 years","https://jobgether.com/remote-jobs/netherlands/devops-engineer"
"Let's find your dream job!","N/A","Remote Netherlands","Serper API","DevOps","2-4 years","https://www.jobinamsterdam.com/jobs/devops-lead/VXroj8RK?jlt=dDoxMCxwOjMsczoyNSxvOjg"
"250 devops engineer Jobs in Netherlands, December 2025","N/A","Remote Netherlands","Serper API","DevOps","2-4 years","https://www.glassdoor.com/Job/netherlands-devops-engineer-jobs-SRCH_IL.0,11_IN178_KO12,27.htm"
"102 Remote Full Stack Developer jobs in Australia (14 new)","N/A","Remote Australia","Serper API","MERN","2-4 years","https://au.linkedin.com/jobs/remote-full-stack-developer-jobs"
"Mern Stack Developer Jobs (with Salaries)","N/A","Remote Australia","Serper API","MERN","2-4 years","https://au.indeed.com/q-mern-stack-developer-jobs.html"
"Mern Stack Jobs (with Salaries)","SEEK with","Remote Australia","Serper API","MERN","2-4 years","https://www.seek.com.au/mern-stack-jobs"
"Full Stack Developer Jobs in Remote (with Salaries)","N/A","Remote Australia","Serper API","MERN","2-4 years","https://au.indeed.com/q-full-stack-developer-l-remote-jobs.html"
"Mern Stack Developer Jobs In Australia","N/A","Remote Australia","Serper API","MERN","2-4 years","https://www.naukri.com/mern-stack-developer-jobs-in-australia"
"Software Engineers who landed roles in AU (remote or F2F)","N/A","Remote Australia","Serper API","MERN","2-4 years","https://www.reddit.com/r/PinoyProgrammer/comments/194v86f/software_engineers_who_landed_roles_in_au_remote/"
"Full Stack Engineer Jobs in Sydney, Australia - 2026","N/A","Remote Australia","Serper API","MERN","2-4 years","https://wellfound.com/role/l/full-stack-engineer/sydney"
"Hire the Best-in-Class MERN Stack Developers in Australia","Wildnet and boost your business today","Remote Australia","Serper API","MERN","2-4 years","https://www.wildnettechnologies.com/hire-mern-stack-developers-in-australia"
"164 Remote Node Js jobs in Australia (16 new)","N/A","Remote Australia","Serper API","Node.js","2-4 years","https://au.linkedin.com/jobs/remote-node-js-jobs"
"Node Remote Jobs (with Salaries)","SEEK with","Remote Australia","Serper API","Node.js","2-4 years","https://www.seek.com.au/node-remote-jobs"
"25 Node Js Remote Jobs and Work","N/A","Remote Australia","Serper API","Node.js","2-4 years","https://au.indeed.com/q-node-js-remote-jobs.html"
"100+ Remote Node.js Jobs In Australia and New Zealand","N/A","Remote Australia","Serper API","Node.js","2-4 years","https://rubyonremote.com/remote-node-js-jobs-in-australia-and-new-zealand/"
"Remote Node Js Developer Jobs in Australia","N/A","Remote Australia","Serper API","Node.js","2-4 years","https://jobs.workable.com/search/australia/remote-node-js-developer-jobs"
"Remote NodeJS Developer Jobs in Australia - Himalayas","N/A","Remote Australia","Serper API","Node.js","2-4 years","https://himalayas.app/jobs/countries/australia/nodejs-developer"
"Node Remote Full Time Jobs in Australia - Dec 2025","SEEK with","Remote Australia","Serper API","Node.js","2-4 years","https://www.seek.com.au/node-remote-jobs/full-time"
"Remote Australia Node Js Developer Jobs","Australia Node Js Developer","Remote Australia","Serper API","Node.js","2-4 years","https://jobgether.com/remote-jobs/australia-node-js-developer"
"Full Stack Developer Remote Jobs (with Salaries)","SEEK with","Remote Australia","Serper API","Fullstack MERN","2-4 years","https://www.seek.com.au/full-stack-developer-remote-jobs"
"Remote Full-Stack Developer Jobs in Australia","N/A","Remote Australia","Serper API","Fullstack MERN","2-4 years","https://www.crossover.com/jobs/full-stack-developer/au"
"6 Mern stack jobs in Australia","N/A","Remote Australia","Serper API","Fullstack MERN","2-4 years","https://www.glassdoor.com.au/Job/australia-mern-stack-jobs-SRCH_IL.0,9_KO10,20.htm"
"Remote Full Stack Engineer Jobs in Australia - Himalayas.app","N/A","Remote Australia","Serper API","Fullstack MERN","2-4 years","https://himalayas.app/jobs/countries/australia/full-stack-engineer"
"100 jobs – Mern Stack Developer in Australia","Jora","Remote Australia","Serper API","Fullstack MERN","2-4 years","https://au.jora.com/Mern-Stack-Developer-jobs-in-Australia"
"Devops Remote Jobs (with Salaries)","SEEK with","Remote Australia","Serper API","DevOps","2-4 years","https://www.seek.com.au/devops-remote-jobs"
"53 Remote Devops Engineer jobs in Australia","N/A","Remote Australia","Serper API","DevOps","2-4 years","https://au.linkedin.com/jobs/remote-devops-engineer-jobs"
"100 Devops Remote Jobs and Work","N/A","Remote Australia","Serper API","DevOps","2-4 years","https://au.indeed.com/q-devops-remote-jobs.html"
"100+ Remote DevOps Jobs In Australia and New Zealand","N/A","Remote Australia","Serper API","DevOps","2-4 years","https://rubyonremote.com/remote-devops-jobs-in-australia-and-new-zealand/"
"AWS DevOps Engineer - Australia - Career Page","N/A","Remote Australia","Serper API","DevOps","2-4 years","https://jobs.nuwave.com/apply/phMCgBFbrT/AWS-DevOps-Engineer-Australia"
"Remote DevOps Engineer Jobs in Sydney, Australia","N/A","Remote Australia","Serper API","DevOps","2-4 years","https://www.crossover.com/jobs/devops-engineer/au/nsw/sydney"
"33 Devops support engineer remote jobs in Australia","N/A","Remote Australia","Serper API","DevOps","2-4 years","https://www.glassdoor.com.au/Job/devops-support-engineer-remote-jobs-SRCH_KO0,30.htm"
"Remote Devops Engineer Jobs in Australia","N/A","Remote Australia","Serper API","DevOps","2-4 years","https://jobgether.com/remote-jobs/australia/devops-engineer"
"Devops Engineer Jobs in Remote (with Salaries)","N/A","Remote Australia","Serper API","DevOps","2-4 years","https://au.indeed.com/q-devops-engineer-l-remote-jobs.html"
"Remote Remote DevOps Engineer Jobs in Australia | Himalayas","N/A","Remote Australia","Serper API","DevOps","2-4 years","https://himalayas.app/jobs/countries/australia/remote-devops-engineer?weekdayJdUid=931506&page=2"
"100 jobs – Mern Stack Developer in City of Sydney NSW","Jora","Remote Sydney","Serper API","MERN","2-4 years","https://au.jora.com/Mern-Stack-Developer-jobs-in-City-of-Sydney-NSW"
"Mern Stack Jobs (with Salaries)","N/A","Remote Sydney","Serper API","MERN","2-4 years","https://www.seek.com.au/mern-stack-jobs"
"194 full stack developer jobs in Australia, December 2025","N/A","Remote Sydney","Serper API","MERN","2-4 years","https://www.glassdoor.com.au/Job/australia-full-stack-developer-jobs-SRCH_IL.0,9_IN16_KO10,30.htm"
"Hire MERN Stack Developers in Australia","N/A","Remote Sydney","Serper API","MERN","2-4 years","https://www.bytestechnolab.com/au/hire-mern-stack-developers/"
"100 jobs – Mern Stack Developer in Sydney CBD NSW","Jora","Remote Sydney","Serper API","MERN","2-4 years","https://au.jora.com/Mern-Stack-Developer-jobs-in-Sydney-CBD-NSW"
"visa sponsorship , mern stack developer jobs","N/A","Remote Sydney","Serper API","MERN","2-4 years","https://au.indeed.com/q-visa-sponsorship-,-mern-stack-developer-jobs.html"
"Junior Full Stack Developer Jobs in All Sydney NSW","N/A","Remote Sydney","Serper API","MERN","2-4 years","https://www.seek.com.au/junior-full-stack-developer-jobs/in-All-Sydney-NSW"
"Node Js Jobs in All Sydney NSW - Dec 2025","SEEK with","Remote Sydney","Serper API","Node.js","2-4 years","https://www.seek.com.au/node-js-jobs/in-All-Sydney-NSW"
"Nodejs Full Stack Javascript Developer jobs in Sydney, ...","N/A","Remote Sydney","Serper API","Node.js","2-4 years","https://www.roberthalf.com/au/en/jobs/sydney/nodejs-full-stack-javascript-developer"
"Remote Full-Stack Node.js & React Developer","N/A","Remote Sydney","Serper API","Node.js","2-4 years","https://au.talent.com/view?id=acbbfc86b5f2"
"100 jobs – Node.js Developer in Sydney NSW","Jora","Remote Sydney","Serper API","Node.js","2-4 years","https://au.jora.com/Node.js-Developer-jobs-in-Sydney-NSW"
"50 Remote Developer Jobs and Work in Sydney NSW","N/A","Remote Sydney","Serper API","Node.js","2-4 years","https://au.indeed.com/q-remote-developer-l-sydney-nsw-jobs.html"
"Full Stack JavaScript Developer (React + Node.js) Jobs in ...","N/A","Remote Sydney","Serper API","Node.js","2-4 years","https://cybotrix.com/jobs/full-stack-javascript-developer-jobs-in-australia.html"
"Full Stack Remote Jobs in All Sydney NSW - Dec 2025","SEEK with","Remote Sydney","Serper API","Fullstack MERN","2-4 years","https://www.seek.com.au/full-stack-remote-jobs/in-All-Sydney-NSW"
"Remote Full Stack Developer jobs in Sydney Nsw","N/A","Remote Sydney","Serper API","Fullstack MERN","2-4 years","https://au.indeed.com/q-remote-full-stack-developer-l-sydney-nsw-jobs.html"
"Best Full Stack Developer Jobs in Sydney 2025","N/A","Remote Sydney","Serper API","Fullstack MERN","2-4 years","https://builtinsydney.au/jobs/dev-engineering/search/full-stack-developer"
"Devops Remote Jobs in Sydney NSW 2000 - Dec 2025","SEEK with","Remote Sydney","Serper API","DevOps","2-4 years","https://www.seek.com.au/devops-remote-jobs/in-Sydney-NSW-2000"
"22 Devops Engineer Remote jobs in Greater Sydney Area ...","N/A","Remote Sydney","Serper API","DevOps","2-4 years","https://au.linkedin.com/jobs/devops-engineer-remote-jobs-greater-sydney-area"
"25 Devops Remote Jobs and Work in Sydney NSW","N/A","Remote Sydney","Serper API","DevOps","2-4 years","https://au.indeed.com/q-devops-remote-l-sydney-nsw-jobs.html"
"100 jobs – Junior Devops Engineer Remote in Sydney NSW","Jora","Remote Sydney","Serper API","DevOps","2-4 years","https://au.jora.com/Junior-Devops-Engineer-Remote-jobs-in-Sydney-NSW"
"Devops Engineer Jobs in Sydney (318)","N/A","Remote Sydney","Serper API","DevOps","2-4 years","https://www.hiringagents.ai/jobs/list/devops-engineer-jobs-sydney/devops-engineer-at-costar-group-30888502?page=2"
"Best DevOps Jobs in Sydney 2025","N/A","Remote Sydney","Serper API","DevOps","2-4 years","https://builtinsydney.au/jobs/dev-engineering/search/devops-engineer"
"Devops Engineer Jobs in Sydney, Australia - 2026","N/A","Remote Sydney","Serper API","DevOps","2-4 years","https://wellfound.com/role/l/devops-engineer/sydney"
"Mern stack developer jobs remote jobs","N/A","Remote Worldwide","Serper API","MERN","2-4 years","https://www.freelancer.com/job-search/mern-stack-developer-jobs-remote/"
"18 Full stack developer intern jobs in Remote","N/A","Remote Worldwide","Serper API","MERN","2-4 years","https://www.glassdoor.com/Job/remote-full-stack-developer-intern-jobs-SRCH_IL.0,6_IS12563_KO7,34.htm"
"Work from Anywhere Remote NodeJS Jobs - Himalayas.app","N/A","Remote Worldwide","Serper API","Node.js","2-4 years","https://himalayas.app/jobs/worldwide/nodejs"
"342 node js developer Jobs in Remote, December 2025","N/A","Remote Worldwide","Serper API","Node.js","2-4 years","https://www.glassdoor.com/Job/remote-node-js-developer-jobs-SRCH_IL.0,6_IS11047_KO7,24.htm"
"Mid Level Remote Node.js Jobs Worldwide","N/A","Remote Worldwide","Serper API","Node.js","2-4 years","https://rubyonremote.com/mid-level-remote-node-js-jobs-in-anywhere/"
"Remote node.js Jobs | Remotive.com","N/A","Remote Worldwide","Serper API","Node.js","2-4 years","https://remotive.com/remote-node-js-jobs"
"Remote Full Stack Developer Jobs","N/A","Remote Worldwide","Serper API","Fullstack MERN","2-4 years","https://www.workingnomads.com/remote-full-stack-jobs"
"Flexible International Remote Devops Jobs","N/A","Remote Worldwide","Serper API","DevOps","2-4 years","https://www.indeed.com/q-international-remote-devops-jobs.html"
"Remote DevOps Jobs","N/A","Remote Worldwide","Serper API","DevOps","2-4 years","https://www.workingnomads.com/remote-devops-jobs"
"Remote DevOps engineer Jobs (December 2025) - Arc.dev","N/A","Remote Worldwide","Serper API","DevOps","2-4 years","https://arc.dev/remote-jobs/devops"
"100+ Remote DevOps Jobs Worldwide","N/A","Remote Worldwide","Serper API","DevOps","2-4 years","https://rubyonremote.com/remote-devops-jobs-in-anywhere/"
"Work from Anywhere Remote DevOps Engineer Jobs","N/A","Remote Worldwide","Serper API","DevOps","2-4 years","https://himalayas.app/jobs/worldwide/devops-engineer"
"Remote DevOps and Sysadmin Jobs","N/A","Remote Worldwide","Serper API","DevOps","2-4 years","https://weworkremotely.com/categories/remote-devops-sysadmin-jobs"
"Remote Devops Jobs in Web3 - Dec 2025 (3 New)","N/A","Remote Worldwide","Serper API","DevOps","2-4 years","https://web3.career/devops+remote-jobs"
"How to find a remote job as a fullstack developer? : r/reactjs","N/A","Work from Home","Serper API","MERN","2-4 years","https://www.reddit.com/r/reactjs/comments/1aoz06u/how_to_find_a_remote_job_as_a_fullstack_developer/"
"Remote MERN Developer Jobs | Work from Home","Turing Jobs","Work from Home","Serper API","MERN","2-4 years","https://www.turing.com/jobs/remote-mern-developer"
"$48-$110/hr Remote Nodejs Developer Jobs in California","N/A","Work from Home","Serper API","Node.js","2-4 years","https://www.ziprecruiter.com/Jobs/Remote-Nodejs-Developer/--in-California"
"Commercetools Developer","N/A","Ahmedabad","Naukri.com","Node.js","2-4 years","https://www.naukri.com/job-listings-commercetools-developer-intforce-ahmedabad-2-to-4-years-131125503985"
"Engineer, Software","N/A","Ahmedabad","Naukri.com","Node.js","2-4 years","https://www.naukri.com/job-listings-engineer-software-measureone-ahmedabad-3-to-6-years-071125035068"
"Art consultant","N/A","Ahmedabad","Naukri.com","Node.js","2-4 years","https://www.naukri.com/job-listings-art-consultant-genxhire-services-private-limited-ahmedabad-5-to-10-years-211125931747"
"$49-$105/hr Remote Mern Full Stack Developer Jobs","N/A","Work from Home","Serper API","Fullstack MERN","2-4 years","https://www.ziprecruiter.com/Jobs/Remote-Mern-Full-Stack-Developer"
"Gen AI Software Engineer","N/A","India","Naukri.com","Fullstack MERN","2-4 years","https://www.naukri.com/job-listings-gen-ai-software-engineer-puresoftware-pvt-ltd-india-7-to-12-years-281125019652"
"MERN DEVELOPER","N/A","Ahmedabad","Naukri.com","Fullstack MERN","2-4 years","https://www.naukri.com/job-listings-mern-developer-logicrays-inc-ahmedabad-2-to-3-years-071125501592"
"Is it hard to find a remote devops job vs developer job?","N/A","Work from Home","Serper API","DevOps","2-4 years","https://www.reddit.com/r/devops/comments/amapmx/question_is_it_hard_to_find_a_remote_devops_job/"
"Devops Engineer - GCP","N/A","Ahmedabad","Naukri.com","DevOps","2-4 years","https://www.naukri.com/job-listings-devops-engineer-gcp-cbt-infotech-ahmedabad-8-to-13-years-181225016222"
"Devops Engineer For Ahmedabad Location - Onsite","N/A","Ahmedabad","Naukri.com","DevOps","2-4 years","https://www.naukri.com/job-listings-devops-engineer-for-ahmedabad-location-onsite-stella-technologies-ahmedabad-5-to-10-years-161225018582"
"Murex DevOps Engineer","N/A","Hybrid - Noida, Bhubaneswar, Kolkata, Hyderabad, Pune, Ahmedabad, Chennai, Bengaluru, Mumbai (All Areas)","Naukri.com","DevOps","2-4 years","https://www.naukri.com/job-listings-murex-devops-engineer-lib-cap-infotech-noida-bhubaneswar-kolkata-hyderabad-pune-ahmedabad-chennai-bengaluru-mumbai-all-areas-6-to-11-years-291025041004"
"DevOps Engineer (GCP)","N/A","Ahmedabad","Naukri.com","DevOps","2-4 years","https://www.naukri.com/job-listings-devops-engineer-gcp-cbt-infotech-ahmedabad-8-to-13-years-171225033769"
"Remote Mern Stack Developer Jobs in North Carolina","N/A","Remote First","Serper API","MERN","2-4 years","https://www.ziprecruiter.com/Jobs/Remote-Mern-Stack-Developer/--in-North-Carolina"
"Remote Node JS Jobs in December 2025","N/A","Remote First","Serper API","Node.js","2-4 years","https://remoteleaf.com/remote-nodejs-jobs"
"Going Node: How is the demand for remote Node.js jobs?","N/A","Remote First","Serper API","Node.js","2-4 years","https://www.reddit.com/r/node/comments/3bw9kt/going_node_how_is_the_demand_for_remote_nodejs/"
"Remote Entry Level Mern Stack Developer Jobs in New York","N/A","Remote First","Serper API","Fullstack MERN","2-4 years","https://www.ziprecruiter.com/Jobs/Remote-Entry-Level-Mern-Stack-Developer/--in-New-York"
"Remote Mern Fullstack Developer (💰~$30k) at EPIC ...","N/A","Remote First","Serper API","Fullstack MERN","2-4 years","https://remoteok.com/remote-jobs/remote-mern-fullstack-developer-epic-education-srl-1059582"
"DevOps Engineer - Remote in Reston, Virginia, United ...","ICF","Remote First","Serper API","DevOps","2-4 years","https://careers.icf.com/us/en/job/R2502481/DevOps-Engineer-Remote"
"Devops entry level remote jobs","N/A","Remote First","Serper API","DevOps","2-4 years","https://www.indeed.com/q-devops-entry-level-remote-jobs.html"